Cluster Number,Max Value,Num Voxels,Percentage of Voxel,MNI Coordinates,Region Name,ROI_Idx,ROI_name,Conectivity
1,-11.0,7,2.046783625730994, 66 -18 -12,aSTS_R,3,A8dl_L,-1
2,-10.0,1,0.33222591362126247, 63 -6 -21,A21r_R,3,A8dl_L,-1
2,-10.0,1,0.29239766081871343, 63 -6 -18,aSTS_R,3,A8dl_L,-1
3,-10.0,5,2.5, 3 54 -24,A11m_R,3,A8dl_L,-1
4,-10.0,1,0.5263157894736842, -69 -30 3,A22c_L,3,A8dl_L,-1
4,-17.0,67,41.358024691358025, -66 -36 -12,A21c_L,3,A8dl_L,-1
4,-11.0,14,5.343511450381679, -66 -30 -6,aSTS_L,3,A8dl_L,-1
4,-11.0,23,17.16417910447761, -63 -39 -15,A20cl_L,3,A8dl_L,-1
5,-12.0,5,1.9083969465648856, -60 -9 -18,aSTS_L,3,A8dl_L,-1
1,-10.0,1,0.45662100456621, -33 21 -27,A38m_L,6,A9l_R,-1
1,-11.0,17,5.647840531561462, 48 6 -42,A21r_R,11,A9m_L,-1
1,-10.0,2,1.5748031496062993, 48 3 -45,A20r_R,11,A9m_L,-1
2,-10.0,1,0.5, 3 54 -24,A11m_R,11,A9m_L,-1
3,-10.0,4,1.7621145374449338, -54 -3 -27,A21r_L,11,A9m_L,-1
3,-10.0,1,0.3816793893129771, -57 -3 -21,aSTS_L,11,A9m_L,-1
1,-11.0,17,5.647840531561462, 51 9 -42,A21r_R,12,A9m_R,-1
1,-11.0,2,1.5748031496062993, 48 3 -45,A20r_R,12,A9m_R,-1
2,-10.0,1,0.6097560975609756, 48 6 54,A6vl_R,12,A9m_R,-1
3,-10.0,3,1.0033444816053512, 33 -36 -24,A20rv_R,12,A9m_R,-1
3,-10.0,3,1.3888888888888888, 36 -33 -24,A37lv_R,12,A9m_R,-1
3,-10.0,1,0.36231884057971014, 30 -36 -24,Right V,12,A9m_R,-1
3,-10.0,7,1.1705685618729098, 36 -42 -27,Right VI,12,A9m_R,-1
4,-10.0,1,0.5181347150259067, 36 21 -33,A38m_R,12,A9m_R,-1
5,-10.0,1,0.33444816053511706, 30 -33 -21,A20rv_R,12,A9m_R,-1
6,-10.0,1,2.7027027027027026, 18 -12 -30,A28/34_R,12,A9m_R,-1
7,-10.0,1,0.29850746268656714, -18 -36 -30,Left I-IV,12,A9m_R,-1
7,-11.0,2,0.5847953216374269, -18 -39 -30,Left V,12,A9m_R,-1
8,-10.0,1,0.704225352112676, -33 21 -24,A12/47o_L,12,A9m_R,-1
8,-10.0,12,5.47945205479452, -36 21 -30,A38m_L,12,A9m_R,-1
9,-10.0,1,0.6756756756756757, -48 21 -18,A38l_L,12,A9m_R,-1
10,-10.0,2,0.8810572687224669, -54 -3 -27,A21r_L,12,A9m_R,-1
1,-10.0,4,1.3289036544850499, 51 9 -39,A21r_R,13,A10m_L,-1
2,-11.0,1,0.44642857142857145, -3 39 36,A9m_L,13,A10m_L,-1
1,-14.0,7,3.8461538461538463, 42 15 42,IFJ_R,14,A10m_R,-1
1,-12.0,1,0.4048582995951417, 39 18 45,A8vl_R,14,A10m_R,-1
2,-10.0,30,13.513513513513514, 21 27 51,A8dl_R,14,A10m_R,-1
3,-11.0,56,21.62162162162162, -6 -60 15,dmPOS_L,14,A10m_R,-1
3,-12.0,24,7.5, 12 -60 21,dmPOS_R,14,A10m_R,-1
3,-10.0,40,16.80672268907563, -3 -60 18,A31_L,14,A10m_R,-1
3,-11.0,8,3.088803088803089, 3 -57 15,A31_R,14,A10m_R,-1
3,-10.0,1,0.6535947712418301, -3 -54 24,A23d_L,14,A10m_R,-1
3,-12.0,19,18.81188118811881, -3 -54 9,A23v_L,14,A10m_R,-1
3,-10.0,2,0.8064516129032258, 0 -69 12,rCunG_L,14,A10m_R,-1
3,-10.0,9,4.0358744394618835, 3 -66 12,rCunG_R,14,A10m_R,-1
3,-10.0,1,0.5586592178770949, -3 -63 3,rLinG_L,14,A10m_R,-1
3,-10.0,53,17.666666666666668, -6 -69 15,vmPOS_L,14,A10m_R,-1
3,-10.0,27,8.681672025723472, 6 -63 15,vmPOS_R,14,A10m_R,-1
4,-10.0,1,0.9900990099009901, -6 -27 48,A1/2/3ll_L,14,A10m_R,-1
4,-11.0,5,3.125, -3 -24 48,A4ll_L,14,A10m_R,-1
4,-10.0,2,0.7722007722007722, 3 -39 39,A31_R,14,A10m_R,-1
4,-10.0,17,11.11111111111111, 0 -33 36,A23d_L,14,A10m_R,-1
4,-11.0,14,13.08411214953271, 3 -30 36,A23d_R,14,A10m_R,-1
4,-11.0,27,15.517241379310345, -3 -24 42,A23c_L,14,A10m_R,-1
4,-11.0,18,13.333333333333334, 3 -24 39,A23c_R,14,A10m_R,-1
5,-10.0,1,0.31347962382445144, -3 54 3,A10m_L,14,A10m_R,-1
5,-15.0,16,9.75609756097561, -3 48 -9,A14m_L,14,A10m_R,-1
5,-15.0,12,7.100591715976331, 0 51 -6,A14m_R,14,A10m_R,-1
5,-15.0,28,13.461538461538462, -3 45 -6,A32sg_L,14,A10m_R,-1
6,-14.0,35,13.011152416356877, -18 27 45,A8dl_L,14,A10m_R,-1
6,-11.0,2,0.8771929824561403, -9 36 51,A9l_L,14,A10m_R,-1
6,-12.0,11,4.910714285714286, -6 36 48,A9m_L,14,A10m_R,-1
7,-11.0,2,0.8298755186721992, -9 21 54,A8m_L,14,A10m_R,-1
7,-10.0,1,0.37174721189591076, -12 21 57,A8dl_L,14,A10m_R,-1
8,-10.0,1,0.44642857142857145, -9 36 45,A9m_L,14,A10m_R,-1
9,-12.0,2,0.7434944237918215, -12 15 60,A8dl_L,14,A10m_R,-1
9,-13.0,2,0.9852216748768473, -12 12 60,A6dl_L,14,A10m_R,-1
10,-10.0,6,2.2304832713754648, -18 18 51,A8dl_L,14,A10m_R,-1
11,-10.0,4,1.3840830449826989, -27 15 48,A8vl_L,14,A10m_R,-1
12,-11.0,1,0.3460207612456747, -33 18 42,A8vl_L,14,A10m_R,-1
13,-10.0,1,0.45662100456621, -33 21 -33,A38m_L,14,A10m_R,-1
14,-13.0,9,3.75, -36 9 42,IFJ_L,14,A10m_R,-1
14,-13.0,4,1.3840830449826989, -36 15 45,A8vl_L,14,A10m_R,-1
14,-12.0,3,1.5463917525773196, -36 12 48,A6vl_L,14,A10m_R,-1
15,-11.0,12,8.450704225352112, -39 24 -18,A12/47o_L,14,A10m_R,-1
15,-10.0,1,0.6756756756756757, -42 18 -15,A38l_L,14,A10m_R,-1
16,-15.0,50,11.013215859030836, -45 -72 33,A39rv_L,14,A10m_R,-1
17,-10.0,1,0.22026431718061673, -54 -60 30,A39rv_L,14,A10m_R,-1
18,-10.0,1,0.8, -57 -12 -36,A20il_L,14,A10m_R,-1
19,-11.0,1,0.44052863436123346, -66 -9 -15,A21r_L,14,A10m_R,-1
19,-10.0,1,0.3816793893129771, -63 -9 -15,aSTS_L,14,A10m_R,-1
1,-10.0,2,0.8333333333333334, -45 6 51,IFJ_L,17,IFJ_L,-1
1,-10.0,2,1.0309278350515463, -45 6 54,A6vl_L,17,IFJ_L,-1
2,-13.0,35,21.604938271604937, -63 -42 -6,A21c_L,17,IFJ_L,-1
2,-11.0,2,1.0050251256281406, -66 -45 -9,A37dl_L,17,IFJ_L,-1
2,-10.0,1,0.3816793893129771, -69 -36 0,aSTS_L,17,IFJ_L,-1
2,-10.0,5,3.7313432835820897, -57 -42 -9,A20cl_L,17,IFJ_L,-1
1,-11.0,20,4.975124378109452, 48 -57 21,A39rv_R,18,IFJ_R,-1
2,-12.0,11,3.7037037037037037, 30 57 0,A46_R,18,IFJ_R,-1
2,-12.0,51,15.789473684210526, 33 57 -6,A10l_R,18,IFJ_R,-1
2,-12.0,1,0.7575757575757576, 33 54 -9,A12/47o_R,18,IFJ_R,-1
3,-10.0,1,0.4032258064516129, -21 63 -3,A10l_L,18,IFJ_R,-1
1,-10.0,1,0.3968253968253968, 36 -3 60,A6cdl_R,22,A9/46v_R,-1
1,-14.0,23,14.197530864197532, -66 -39 -9,A21c_L,23,A8vl_L,-1
1,-10.0,1,0.5025125628140703, -66 -45 -9,A37dl_L,23,A8vl_L,-1
1,-10.0,2,1.492537313432836, -63 -33 -15,A20cl_L,23,A8vl_L,-1
1,-11.0,9,2.7863777089783284, 33 60 0,A10l_R,25,A6vl_L,-1
2,-10.0,3,0.9287925696594427, 18 66 9,A10l_R,25,A6vl_L,-1
3,-17.0,68,41.97530864197531, -63 -39 -9,A21c_L,25,A6vl_L,-1
3,-17.0,16,8.040201005025125, -63 -48 -6,A37dl_L,25,A6vl_L,-1
3,-12.0,4,1.5267175572519085, -60 -36 -6,aSTS_L,25,A6vl_L,-1
3,-11.0,1,1.0309278350515463, -51 -48 -15,A37elv_L,25,A6vl_L,-1
3,-11.0,7,5.343511450381679, -63 -54 -12,A37vl_L,25,A6vl_L,-1
3,-17.0,71,52.985074626865675, -57 -42 -15,A20cl_L,25,A6vl_L,-1
4,-11.0,1,1.0309278350515463, -54 -51 -18,A37elv_L,25,A6vl_L,-1
5,-10.0,1,1.0638297872340425, -54 27 21,A45c_L,25,A6vl_L,-1
1,-11.0,1,0.3367003367003367, 30 63 6,A46_R,26,A6vl_R,-1
1,-11.0,2,0.6191950464396285, 30 63 0,A10l_R,26,A6vl_R,-1
1,-10.0,6,0.7822685788787483, -24 -87 -39,Left Crus II,27,A10l_L,-1
1,-11.0,22,8.494208494208495, -6 -60 12,dmPOS_L,41,A14m_L,-1
1,-10.0,10,3.125, 6 -57 15,dmPOS_R,41,A14m_L,-1
1,-11.0,23,9.663865546218487, 0 -63 18,A31_L,41,A14m_L,-1
1,-11.0,47,18.146718146718147, 3 -57 21,A31_R,41,A14m_L,-1
1,-11.0,7,4.57516339869281, 0 -54 24,A23d_L,41,A14m_L,-1
1,-11.0,6,5.607476635514018, 6 -48 24,A23d_R,41,A14m_L,-1
1,-10.0,3,2.9702970297029703, -6 -54 12,A23v_L,41,A14m_L,-1
1,-10.0,7,8.75, 6 -48 15,A23v_R,41,A14m_L,-1
1,-10.0,1,0.4032258064516129, 0 -72 18,rCunG_L,41,A14m_L,-1
1,-10.0,5,2.242152466367713, 0 -66 15,rCunG_R,41,A14m_L,-1
1,-10.0,5,1.6666666666666667, 0 -69 18,vmPOS_L,41,A14m_L,-1
1,-10.0,24,7.717041800643087, 6 -63 15,vmPOS_R,41,A14m_L,-1
2,-11.0,1,0.3125, 12 -57 27,dmPOS_R,41,A14m_L,-1
3,-11.0,1,0.3125, 12 -54 21,dmPOS_R,41,A14m_L,-1
4,-10.0,6,3.9215686274509802, 0 -33 39,A23d_L,41,A14m_L,-1
4,-10.0,8,7.4766355140186915, 3 -30 36,A23d_R,41,A14m_L,-1
4,-11.0,17,9.770114942528735, 0 -24 39,A23c_L,41,A14m_L,-1
4,-11.0,26,19.25925925925926, 6 -24 39,A23c_R,41,A14m_L,-1
5,-10.0,1,0.42735042735042733, -3 -57 -51,Left IX,41,A14m_L,-1
5,-10.0,1,0.38022813688212925, 0 -57 -51,Right IX,41,A14m_L,-1
6,-11.0,2,0.8097165991902834, 0 63 6,A10m_R,41,A14m_L,-1
7,-10.0,1,0.44052863436123346, -63 -12 -18,A21r_L,41,A14m_L,-1
7,-11.0,3,1.1450381679389312, -63 -9 -18,aSTS_L,41,A14m_L,-1
1,-15.0,73,18.1592039800995, 51 -57 24,A39rv_R,42,A14m_R,-1
2,-10.0,2,0.7490636704119851, 33 -30 60,A1/2/3ulhf_R,42,A14m_R,-1
2,-10.0,2,1.092896174863388, 30 -30 60,A1/2/3tru_R,42,A14m_R,-1
3,-10.0,2,1.098901098901099, 33 9 36,IFJ_R,42,A14m_R,-1
4,-10.0,2,1.092896174863388, 27 -33 63,A1/2/3tru_R,42,A14m_R,-1
5,-15.0,38,14.671814671814673, -6 -60 12,dmPOS_L,42,A14m_R,-1
5,-15.0,18,5.625, 9 -57 18,dmPOS_R,42,A14m_R,-1
5,-15.0,42,17.647058823529413, -3 -60 18,A31_L,42,A14m_R,-1
5,-15.0,52,20.077220077220076, 3 -57 21,A31_R,42,A14m_R,-1
5,-14.0,18,11.764705882352942, 0 -54 24,A23d_L,42,A14m_R,-1
5,-15.0,9,8.411214953271028, 6 -48 24,A23d_R,42,A14m_R,-1
5,-12.0,10,9.900990099009901, -3 -54 9,A23v_L,42,A14m_R,-1
5,-12.0,8,10.0, 6 -48 18,A23v_R,42,A14m_R,-1
5,-15.0,7,3.1390134529147984, 0 -63 12,rCunG_R,42,A14m_R,-1
5,-11.0,1,0.5586592178770949, -3 -63 3,rLinG_L,42,A14m_R,-1
5,-15.0,19,6.333333333333333, -6 -63 9,vmPOS_L,42,A14m_R,-1
5,-14.0,33,10.610932475884244, 6 -63 15,vmPOS_R,42,A14m_R,-1
5,-11.0,5,1.492537313432836, 0 -60 3,Left I-IV,42,A14m_R,-1
6,-10.0,1,0.3125, 12 -51 18,dmPOS_R,42,A14m_R,-1
7,-11.0,11,7.189542483660131, 0 -33 39,A23d_L,42,A14m_R,-1
7,-10.0,19,17.757009345794394, 6 -33 36,A23d_R,42,A14m_R,-1
7,-15.0,10,16.39344262295082, -3 -15 30,A24rv_L,42,A14m_R,-1
7,-12.0,43,24.71264367816092, 0 -21 39,A23c_L,42,A14m_R,-1
7,-15.0,45,33.333333333333336, 6 -24 39,A23c_R,42,A14m_R,-1
8,-11.0,1,0.4048582995951417, 3 63 6,A10m_R,42,A14m_R,-1
9,-12.0,4,1.7094017094017093, -3 -57 -51,Left IX,42,A14m_R,-1
10,-10.0,12,2.643171806167401, -42 -69 24,A39rv_L,42,A14m_R,-1
11,-12.0,1,0.6172839506172839, -63 -15 -18,A21c_L,42,A14m_R,-1
11,-11.0,1,0.44052863436123346, -63 -12 -18,A21r_L,42,A14m_R,-1
11,-12.0,3,1.1450381679389312, -63 -15 -15,aSTS_L,42,A14m_R,-1
1,-12.0,5,1.4619883040935673, 63 -18 -15,aSTS_R,43,A12/47o_L,-1
2,-11.0,1,0.29239766081871343, 48 -24 -12,aSTS_R,43,A12/47o_L,-1
3,-10.0,1,0.43859649122807015, -12 42 45,A9l_L,43,A12/47o_L,-1
4,-10.0,1,0.37174721189591076, -15 39 45,A8dl_L,43,A12/47o_L,-1
5,-15.0,25,13.157894736842104, -63 -33 3,A22c_L,43,A12/47o_L,-1
5,-11.0,37,22.839506172839506, -63 -30 -9,A21c_L,43,A12/47o_L,-1
5,-13.0,3,1.3215859030837005, -60 -12 -21,A21r_L,43,A12/47o_L,-1
5,-14.0,102,38.93129770992366, -57 -30 -3,aSTS_L,43,A12/47o_L,-1
5,-10.0,1,0.8, -60 -21 -18,A20il_L,43,A12/47o_L,-1
5,-10.0,4,2.985074626865672, -57 -42 -9,A20cl_L,43,A12/47o_L,-1
5,-15.0,31,37.34939759036145, -54 -39 0,rpSTS_L,43,A12/47o_L,-1
5,-10.0,1,0.9259259259259259, -57 -45 3,cpSTS_L,43,A12/47o_L,-1
6,-11.0,2,0.7633587786259542, -48 -24 -12,aSTS_L,43,A12/47o_L,-1
7,-10.0,1,0.5025125628140703, -66 -45 9,A37dl_L,43,A12/47o_L,-1
1,-11.0,1,0.33222591362126247, 57 -9 -21,A21r_R,47,A11m_L,-1
2,-10.0,3,0.9375, 12 -66 24,dmPOS_R,47,A11m_L,-1
2,-10.0,2,0.8968609865470852, 3 -72 21,rCunG_R,47,A11m_L,-1
2,-11.0,6,1.9292604501607717, 6 -72 24,vmPOS_R,47,A11m_L,-1
3,-10.0,1,0.3125, 12 -54 21,dmPOS_R,47,A11m_L,-1
4,-10.0,1,0.3125, 9 -57 21,dmPOS_R,47,A11m_L,-1
5,-10.0,1,0.3125, 6 -57 18,dmPOS_R,47,A11m_L,-1
5,-10.0,9,3.474903474903475, 6 -54 18,A31_R,47,A11m_L,-1
5,-12.0,3,3.75, 6 -45 21,A23v_R,47,A11m_L,-1
5,-10.0,1,0.3215434083601286, 3 -60 18,vmPOS_R,47,A11m_L,-1
6,-10.0,1,0.3125, 6 -60 21,dmPOS_R,47,A11m_L,-1
7,-11.0,30,11.583011583011583, -9 -66 18,dmPOS_L,47,A11m_L,-1
7,-10.0,1,0.9900990099009901, -9 -54 9,A23v_L,47,A11m_L,-1
7,-10.0,24,8.0, -9 -63 12,vmPOS_L,47,A11m_L,-1
8,-11.0,1,0.29850746268656714, -3 -60 3,Left I-IV,47,A11m_L,-1
9,-10.0,5,3.048780487804878, -6 69 -3,A14m_L,47,A11m_L,-1
10,-10.0,1,0.37174721189591076, -15 36 42,A8dl_L,47,A11m_L,-1
11,-10.0,1,0.37174721189591076, -18 33 39,A8dl_L,47,A11m_L,-1
1,-13.0,16,5.3156146179401995, 60 -9 -24,A21r_R,48,A11m_R,-1
1,-12.0,3,0.8771929824561403, 57 -9 -18,aSTS_R,48,A11m_R,-1
1,-14.0,1,0.704225352112676, 57 -9 -27,A20il_R,48,A11m_R,-1
2,-10.0,2,0.5847953216374269, 57 -15 -12,aSTS_R,48,A11m_R,-1
3,-10.0,4,2.197802197802198, 42 15 39,IFJ_R,48,A11m_R,-1
4,-12.0,1,0.5494505494505495, 39 15 36,IFJ_R,48,A11m_R,-1
5,-17.0,87,33.59073359073359, -9 -60 15,dmPOS_L,48,A11m_R,-1
5,-13.0,63,19.6875, 12 -57 18,dmPOS_R,48,A11m_R,-1
5,-13.0,115,48.319327731092436, -3 -60 24,A31_L,48,A11m_R,-1
5,-15.0,88,33.97683397683398, 6 -57 24,A31_R,48,A11m_R,-1
5,-15.0,43,28.104575163398692, -3 -51 27,A23d_L,48,A11m_R,-1
5,-15.0,13,12.149532710280374, 6 -48 24,A23d_R,48,A11m_R,-1
5,-17.0,30,29.702970297029704, -6 -54 9,A23v_L,48,A11m_R,-1
5,-10.0,36,45.0, 6 -48 12,A23v_R,48,A11m_R,-1
5,-13.0,12,4.838709677419355, 0 -75 18,rCunG_L,48,A11m_R,-1
5,-13.0,23,10.31390134529148, 3 -69 15,rCunG_R,48,A11m_R,-1
5,-10.0,3,1.675977653631285, -6 -63 0,rLinG_L,48,A11m_R,-1
5,-11.0,3,1.4851485148514851, 6 -63 3,rLinG_R,48,A11m_R,-1
5,-13.0,90,30.0, -6 -69 15,vmPOS_L,48,A11m_R,-1
5,-13.0,81,26.04501607717042, 6 -63 12,vmPOS_R,48,A11m_R,-1
5,-15.0,25,7.462686567164179, -6 -54 0,Left I-IV,48,A11m_R,-1
5,-11.0,3,0.9463722397476341, 6 -45 0,Right I-IV,48,A11m_R,-1
5,-12.0,7,2.046783625730994, 0 -63 -3,Left V,48,A11m_R,-1
5,-11.0,5,1.8115942028985508, 3 -60 0,Right V,48,A11m_R,-1
6,-11.0,4,2.185792349726776, 24 -36 63,A1/2/3tru_R,48,A11m_R,-1
7,-11.0,58,26.126126126126128, 24 27 45,A8dl_R,48,A11m_R,-1
8,-11.0,4,1.7094017094017093, -3 -57 -51,Left IX,48,A11m_R,-1
8,-10.0,3,1.1406844106463878, 3 -60 -51,Right IX,48,A11m_R,-1
9,-10.0,2,0.8097165991902834, 3 63 21,A10m_R,48,A11m_R,-1
10,-10.0,1,0.5, 3 66 -3,A11m_R,48,A11m_R,-1
11,-11.0,1,0.4048582995951417, 0 63 6,A10m_R,48,A11m_R,-1
12,-10.0,1,1.639344262295082, -3 -12 33,A24rv_L,48,A11m_R,-1
13,-15.0,6,1.8808777429467085, -6 72 3,A10m_L,48,A11m_R,-1
13,-12.0,12,7.317073170731708, -3 66 0,A14m_L,48,A11m_R,-1
13,-12.0,3,1.675977653631285, -6 72 -6,A11m_L,48,A11m_R,-1
14,-10.0,1,0.29850746268656714, -6 -42 -3,Left I-IV,48,A11m_R,-1
15,-11.0,1,0.42016806722689076, -9 -54 36,A31_L,48,A11m_R,-1
16,-10.0,3,0.9404388714733543, -9 66 18,A10m_L,48,A11m_R,-1
17,-15.0,51,18.95910780669145, -18 30 42,A8dl_L,48,A11m_R,-1
17,-11.0,3,1.3157894736842106, -12 39 45,A9l_L,48,A11m_R,-1
18,-10.0,3,1.3157894736842106, -18 48 39,A9l_L,48,A11m_R,-1
18,-11.0,1,0.32051282051282054, -21 48 39,A9/46d_L,48,A11m_R,-1
19,-10.0,3,1.0380622837370241, -27 15 48,A8vl_L,48,A11m_R,-1
20,-12.0,12,3.8338658146964857, -39 -78 27,A39c_L,48,A11m_R,-1
20,-13.0,96,21.145374449339208, -45 -72 24,A39rv_L,48,A11m_R,-1
20,-10.0,4,1.7857142857142858, -48 -72 15,V5/MT+_L,48,A11m_R,-1
21,-11.0,1,0.4166666666666667, -39 9 48,IFJ_L,48,A11m_R,-1
21,-12.0,6,3.0927835051546393, -36 3 48,A6vl_L,48,A11m_R,-1
22,-15.0,21,12.962962962962964, -66 -18 -21,A21c_L,48,A11m_R,-1
22,-12.0,5,2.202643171806167, -60 -12 -21,A21r_L,48,A11m_R,-1
22,-17.0,21,8.01526717557252, -57 -12 -18,aSTS_L,48,A11m_R,-1
22,-14.0,1,0.8, -63 -18 -21,A20il_L,48,A11m_R,-1
1,-12.0,5,2.6315789473684212, -63 -36 3,A22c_L,51,A12/47l_L,-1
1,-11.0,3,1.8518518518518519, -66 -39 0,A21c_L,51,A12/47l_L,-1
1,-10.0,25,9.541984732824428, -60 -36 -3,aSTS_L,51,A12/47l_L,-1
1,-12.0,9,10.843373493975903, -54 -36 0,rpSTS_L,51,A12/47l_L,-1
1,-11.0,5,3.4246575342465753, 60 -3 42,A4hf_R,53,A4hf_L,-1
1,-13.0,2,0.7490636704119851, 60 -6 42,A1/2/3ulhf_R,53,A4hf_L,-1
1,-11.0,3,1.5151515151515151, -12 -39 75,A1/2/3tru_L,65,A1/2/3ll_L,-1
2,-10.0,2,2.4390243902439024, -15 -24 78,A4t_L,65,A1/2/3ll_L,-1
3,-10.0,1,0.5050505050505051, -21 -27 75,A1/2/3tru_L,65,A1/2/3ll_L,-1
4,-10.0,5,1.6286644951140066, -54 -30 48,A40rd_L,65,A1/2/3ll_L,-1
4,-10.0,2,0.7220216606498195, -54 -18 48,A1/2/3ulhf_L,65,A1/2/3ll_L,-1
4,-10.0,9,4.245283018867925, -54 -24 45,A2_L,65,A1/2/3ll_L,-1
1,-11.0,1,0.5780346820809249, -15 -42 72,A5m_L,66,A1/2/3ll_R,-1
1,-11.0,4,2.0202020202020203, -15 -39 72,A1/2/3tru_L,66,A1/2/3ll_R,-1
1,-10.0,3,2.9702970297029703, -12 -39 69,A1/2/3ll_L,67,A4ll_L,-1
1,-13.0,9,4.545454545454546, -18 -39 69,A1/2/3tru_L,67,A4ll_L,-1
1,-11.0,7,3.1531531531531534, 21 36 39,A8dl_R,69,A38m_L,-1
1,-12.0,25,8.928571428571429, 18 45 39,A9l_R,69,A38m_L,-1
1,-10.0,1,0.44642857142857145, -3 45 33,A9m_L,69,A38m_L,-1
1,-11.0,17,7.053941908713693, 3 45 33,A9m_R,69,A38m_L,-1
1,-10.0,11,3.793103448275862, 24 42 36,A9/46d_R,69,A38m_L,-1
2,-10.0,1,0.3125, 9 -69 30,dmPOS_R,69,A38m_L,-1
3,-11.0,1,1.25, 9 -45 15,A23v_R,69,A38m_L,-1
4,-10.0,1,0.35714285714285715, 9 45 45,A9l_R,69,A38m_L,-1
5,-10.0,2,0.8298755186721992, 6 48 24,A9m_R,69,A38m_L,-1
5,-10.0,4,1.2539184952978057, 0 48 21,A10m_L,69,A38m_L,-1
5,-11.0,12,4.8582995951417, 6 48 18,A10m_R,69,A38m_L,-1
6,-10.0,1,0.31347962382445144, -3 45 21,A10m_L,69,A38m_L,-1
7,-10.0,2,2.4096385542168677, -48 -39 0,rpSTS_L,69,A38m_L,-1
8,-10.0,1,1.2048192771084338, -63 -36 9,rpSTS_L,69,A38m_L,-1
1,-10.0,1,0.2604166666666667, 54 -36 30,A40rv_R,70,A38m_R,-1
2,-10.0,1,0.36231884057971014, 45 -54 42,A39rd_R,70,A38m_R,-1
2,-10.0,5,1.243781094527363, 51 -57 42,A39rv_R,70,A38m_R,-1
3,-10.0,1,0.2604166666666667, 51 -36 27,A40rv_R,70,A38m_R,-1
4,-10.0,10,4.149377593360996, 6 42 36,A9m_R,70,A38m_R,-1
5,-10.0,1,0.44642857142857145, -9 45 30,A9m_L,70,A38m_R,-1
5,-11.0,12,3.761755485893417, -6 45 21,A10m_L,70,A38m_R,-1
5,-11.0,7,4.929577464788732, -6 42 18,A32p_L,70,A38m_R,-1
6,-10.0,1,0.44642857142857145, -6 45 33,A9m_L,70,A38m_R,-1
7,-10.0,2,0.7722007722007722, -15 -66 21,dmPOS_L,70,A38m_R,-1
7,-10.0,3,1.0, -15 -66 18,vmPOS_L,70,A38m_R,-1
8,-10.0,1,0.7299270072992701, -48 -39 21,A41/42_L,70,A38m_R,-1
1,-10.0,1,0.3021148036253776, -42 -24 15,A40rv_L,79,A22r_L,-1
1,-10.0,2,1.1111111111111112, -42 -21 15,A1/2/3tonIa_L,79,A22r_L,-1
1,-11.0,1,0.29239766081871343, 60 -18 -15,aSTS_R,81,A21c_L,-1
2,-10.0,2,1.0416666666666667, 57 -18 -18,A21c_R,81,A21c_L,-1
2,-11.0,2,0.6644518272425249, 60 -12 -21,A21r_R,81,A21c_L,-1
2,-11.0,1,0.29239766081871343, 57 -12 -18,aSTS_R,81,A21c_L,-1
3,-10.0,1,0.29673590504451036, 51 -69 36,A39c_R,81,A21c_L,-1
3,-10.0,3,1.0869565217391304, 48 -69 36,A39rd_R,81,A21c_L,-1
3,-14.0,17,4.2288557213930345, 54 -63 33,A39rv_R,81,A21c_L,-1
4,-11.0,2,0.4975124378109453, 57 -57 24,A39rv_R,81,A21c_L,-1
5,-10.0,1,0.33222591362126247, 45 9 -39,A21r_R,81,A21c_L,-1
6,-10.0,1,0.5494505494505495, 42 18 39,IFJ_R,81,A21c_L,-1
7,-10.0,3,2.272727272727273, 42 48 -15,A12/47o_R,81,A21c_L,-1
8,-12.0,2,0.19138755980861244, 24 -78 -33,Right Crus I,81,A21c_L,-1
8,-10.0,3,0.4126547455295736, 24 -84 -36,Right Crus II,81,A21c_L,-1
9,-10.0,16,6.639004149377594, -9 21 51,A8m_L,81,A21c_L,-1
9,-17.0,10,4.291845493562231, 12 24 57,A8m_R,81,A21c_L,-1
9,-17.0,183,68.02973977695167, -18 24 51,A8dl_L,81,A21c_L,-1
9,-13.0,55,24.774774774774773, 21 30 48,A8dl_R,81,A21c_L,-1
9,-17.0,87,38.1578947368421, -12 45 39,A9l_L,81,A21c_L,-1
9,-12.0,77,27.5, 15 45 39,A9l_R,81,A21c_L,-1
9,-15.0,5,2.4630541871921183, -15 12 60,A6dl_L,81,A21c_L,-1
9,-17.0,124,55.357142857142854, -3 36 36,A9m_L,81,A21c_L,-1
9,-12.0,83,34.439834024896264, 6 42 30,A9m_R,81,A21c_L,-1
9,-12.0,80,25.078369905956112, -6 48 24,A10m_L,81,A21c_L,-1
9,-11.0,41,16.59919028340081, 6 54 21,A10m_R,81,A21c_L,-1
9,-10.0,26,8.333333333333334, -21 42 33,A9/46d_L,81,A21c_L,-1
9,-11.0,8,2.7586206896551726, 21 39 33,A9/46d_R,81,A21c_L,-1
9,-13.0,97,40.416666666666664, -42 12 39,IFJ_L,81,A21c_L,-1
9,-13.0,5,1.597444089456869, -48 30 24,A9/46v_L,81,A21c_L,-1
9,-17.0,85,29.41176470588235, -30 15 51,A8vl_L,81,A21c_L,-1
9,-17.0,87,44.845360824742265, -36 6 54,A6vl_L,81,A21c_L,-1
9,-11.0,21,21.21212121212121, -51 15 24,A44d_L,81,A21c_L,-1
9,-11.0,14,12.5, -51 27 18,IFS_L,81,A21c_L,-1
9,-12.0,23,24.46808510638298, -54 21 18,A45c_L,81,A21c_L,-1
9,-10.0,3,4.0, -57 15 18,A44v_L,81,A21c_L,-1
9,-12.0,3,1.5228426395939085, -42 0 51,A6cdl_L,81,A21c_L,-1
9,-11.0,25,11.574074074074074, -45 3 45,A6cvl_L,81,A21c_L,-1
9,-10.0,33,23.239436619718308, -3 39 18,A32p_L,81,A21c_L,-1
9,-11.0,1,0.9090909090909091, 0 39 27,A32p_R,81,A21c_L,-1
9,-13.0,3,2.7777777777777777, 0 42 18,A32sg_R,81,A21c_L,-1
10,-17.0,58,22.393822393822393, -9 -66 24,dmPOS_L,81,A21c_L,-1
10,-13.0,21,6.5625, 9 -66 24,dmPOS_R,81,A21c_L,-1
10,-13.0,59,24.789915966386555, -3 -63 30,A31_L,81,A21c_L,-1
10,-10.0,26,10.038610038610038, 3 -60 30,A31_R,81,A21c_L,-1
10,-11.0,28,18.30065359477124, -3 -42 36,A23d_L,81,A21c_L,-1
10,-12.0,20,18.69158878504673, 6 -45 30,A23d_R,81,A21c_L,-1
10,-11.0,4,1.7937219730941705, 3 -72 27,rCunG_R,81,A21c_L,-1
10,-12.0,7,2.3333333333333335, -6 -69 21,vmPOS_L,81,A21c_L,-1
10,-10.0,14,4.501607717041801, 3 -69 21,vmPOS_R,81,A21c_L,-1
11,-12.0,13,7.262569832402234, -3 51 -21,A11m_L,81,A21c_L,-1
11,-12.0,13,6.5, 3 48 -24,A11m_R,81,A21c_L,-1
12,-10.0,1,0.591715976331361, 3 57 -9,A14m_R,81,A21c_L,-1
13,-10.0,1,0.5, 0 57 -12,A11m_R,81,A21c_L,-1
14,-10.0,2,0.8298755186721992, -6 24 54,A8m_L,81,A21c_L,-1
15,-10.0,4,1.2539184952978057, -18 63 9,A10m_L,81,A21c_L,-1
15,-10.0,1,0.4032258064516129, -21 63 9,A10l_L,81,A21c_L,-1
16,-11.0,1,0.32051282051282054, -18 48 24,A9/46d_L,81,A21c_L,-1
17,-10.0,1,0.32051282051282054, -21 45 24,A9/46d_L,81,A21c_L,-1
18,-11.0,1,0.32051282051282054, -21 48 21,A9/46d_L,81,A21c_L,-1
19,-10.0,7,3.004291845493562, -21 54 9,A46_L,81,A21c_L,-1
20,-15.0,16,6.451612903225806, -27 57 -12,A10l_L,81,A21c_L,-1
21,-13.0,8,3.4334763948497855, -30 60 3,A46_L,81,A21c_L,-1
21,-11.0,5,2.0161290322580645, -30 60 0,A10l_L,81,A21c_L,-1
22,-11.0,1,0.4166666666666667, -36 0 39,IFJ_L,81,A21c_L,-1
23,-12.0,1,0.4166666666666667, -36 12 33,IFJ_L,81,A21c_L,-1
24,-13.0,1,0.704225352112676, -36 18 -21,A12/47o_L,81,A21c_L,-1
25,-12.0,5,2.0161290322580645, -36 54 -9,A10l_L,81,A21c_L,-1
25,-12.0,2,1.408450704225352, -39 51 -12,A12/47o_L,81,A21c_L,-1
25,-13.0,13,7.60233918128655, -42 48 -12,A12/47l_L,81,A21c_L,-1
26,-10.0,2,0.6389776357827476, -39 -75 30,A39c_L,81,A21c_L,-1
26,-17.0,41,16.532258064516128, -42 -66 45,A39rd_L,81,A21c_L,-1
26,-15.0,48,15.141955835962145, -48 -60 42,A40c_L,81,A21c_L,-1
26,-13.0,124,27.312775330396477, -45 -69 33,A39rv_L,81,A21c_L,-1
27,-11.0,1,0.704225352112676, -39 21 -21,A12/47o_L,81,A21c_L,-1
28,-13.0,21,14.788732394366198, -42 36 -18,A12/47o_L,81,A21c_L,-1
28,-14.0,18,10.526315789473685, -48 30 -15,A12/47l_L,81,A21c_L,-1
29,-11.0,2,0.847457627118644, -45 -81 15,mOccG_L,81,A21c_L,-1
30,-14.0,27,11.894273127753303, -48 3 -33,A21r_L,81,A21c_L,-1
30,-11.0,8,5.442176870748299, -48 0 -39,A20r_L,81,A21c_L,-1
30,-11.0,4,3.2, -48 -3 -36,A20il_L,81,A21c_L,-1
31,-13.0,4,3.2, -54 -12 -36,A20il_L,81,A21c_L,-1
31,-11.0,2,1.1764705882352942, -57 -15 -36,A20cv_L,81,A21c_L,-1
1,-13.0,26,13.541666666666666, 66 -18 -21,A21c_R,83,A21r_L,-1
1,-11.0,4,1.3289036544850499, 60 -12 -24,A21r_R,83,A21r_L,-1
1,-11.0,6,1.7543859649122806, 63 -18 -15,aSTS_R,83,A21r_L,-1
2,-13.0,8,4.848484848484849, 66 -21 0,A22c_R,83,A21r_L,-1
2,-11.0,1,0.819672131147541, 63 -21 3,A22r_R,83,A21r_L,-1
3,-11.0,7,2.536231884057971, 48 -66 39,A39rd_R,83,A21r_L,-1
3,-11.0,16,3.9800995024875623, 54 -63 33,A39rv_R,83,A21r_L,-1
4,-15.0,39,17.56756756756757, 21 33 48,A8dl_R,83,A21r_L,-1
4,-15.0,11,4.824561403508772, -12 48 33,A9l_L,83,A21r_L,-1
4,-14.0,69,24.642857142857142, 15 45 39,A9l_R,83,A21r_L,-1
4,-16.0,63,28.125, -3 39 33,A9m_L,83,A21r_L,-1
4,-13.0,62,25.726141078838175, 3 42 30,A9m_R,83,A21r_L,-1
4,-14.0,27,8.463949843260188, -3 45 21,A10m_L,83,A21r_L,-1
4,-13.0,45,18.218623481781375, 6 51 18,A10m_R,83,A21r_L,-1
4,-12.0,22,7.051282051282051, -21 45 30,A9/46d_L,83,A21r_L,-1
4,-10.0,9,3.103448275862069, 21 42 36,A9/46d_R,83,A21r_L,-1
4,-10.0,1,0.3367003367003367, 21 51 39,A46_R,83,A21r_L,-1
4,-14.0,24,16.901408450704224, -3 45 15,A32p_L,83,A21r_L,-1
4,-12.0,6,5.555555555555555, 3 45 15,A32sg_R,83,A21r_L,-1
5,-17.0,99,38.22393822393823, -9 -66 21,dmPOS_L,83,A21r_L,-1
5,-11.0,23,7.1875, 9 -66 27,dmPOS_R,83,A21r_L,-1
5,-13.0,139,58.403361344537814, -3 -60 30,A31_L,83,A21r_L,-1
5,-12.0,28,10.81081081081081, 3 -63 30,A31_R,83,A21r_L,-1
5,-13.0,16,10.457516339869281, -6 -48 30,A23d_L,83,A21r_L,-1
5,-11.0,31,30.693069306930692, -6 -51 9,A23v_L,83,A21r_L,-1
5,-11.0,2,0.8064516129032258, 0 -75 27,rCunG_L,83,A21r_L,-1
5,-12.0,4,1.7937219730941705, 3 -72 27,rCunG_R,83,A21r_L,-1
5,-11.0,39,13.0, -9 -66 15,vmPOS_L,83,A21r_L,-1
5,-11.0,18,5.787781350482315, 9 -69 27,vmPOS_R,83,A21r_L,-1
5,-10.0,5,1.492537313432836, -6 -54 0,Left I-IV,83,A21r_L,-1
6,-10.0,1,0.3125, 6 -51 12,dmPOS_R,83,A21r_L,-1
6,-10.0,1,0.3861003861003861, 6 -51 15,A31_R,83,A21r_L,-1
6,-11.0,11,13.75, 6 -48 9,A23v_R,83,A21r_L,-1
7,-17.0,8,4.4692737430167595, 0 48 -24,A11m_L,83,A21r_L,-1
7,-17.0,18,9.0, 3 51 -24,A11m_R,83,A21r_L,-1
8,-10.0,1,0.591715976331361, 3 63 0,A14m_R,83,A21r_L,-1
9,-10.0,1,0.9900990099009901, -6 -27 48,A1/2/3ll_L,83,A21r_L,-1
9,-12.0,3,1.875, -3 -27 48,A4ll_L,83,A21r_L,-1
9,-11.0,4,2.6143790849673203, -3 -30 36,A23d_L,83,A21r_L,-1
9,-10.0,1,0.9345794392523364, 0 -30 42,A23d_R,83,A21r_L,-1
9,-12.0,23,13.218390804597702, -3 -27 42,A23c_L,83,A21r_L,-1
9,-11.0,3,2.2222222222222223, 0 -27 45,A23c_R,83,A21r_L,-1
10,-10.0,1,0.31347962382445144, -6 63 6,A10m_L,83,A21r_L,-1
10,-10.0,6,3.658536585365854, -3 60 0,A14m_L,83,A21r_L,-1
10,-11.0,2,1.183431952662722, 0 60 0,A14m_R,83,A21r_L,-1
11,-10.0,1,0.5780346820809249, -3 -39 48,A5m_L,83,A21r_L,-1
12,-10.0,4,3.9603960396039604, -3 -39 54,A1/2/3ll_L,83,A21r_L,-1
13,-10.0,1,0.4149377593360996, -9 21 60,A8m_L,83,A21r_L,-1
13,-13.0,23,8.550185873605948, -12 27 51,A8dl_L,83,A21r_L,-1
14,-11.0,1,0.43859649122807015, -9 45 45,A9l_L,83,A21r_L,-1
15,-11.0,8,2.973977695167286, -15 36 42,A8dl_L,83,A21r_L,-1
15,-15.0,5,2.192982456140351, -12 39 45,A9l_L,83,A21r_L,-1
16,-13.0,3,2.7777777777777777, -45 -48 18,cpSTS_L,83,A21r_L,-1
16,-10.0,1,0.3194888178913738, -39 -75 33,A39c_L,83,A21r_L,-1
16,-13.0,22,8.870967741935484, -42 -63 39,A39rd_L,83,A21r_L,-1
16,-12.0,25,7.886435331230284, -48 -54 33,A40c_L,83,A21r_L,-1
16,-17.0,189,41.629955947136565, -45 -66 30,A39rv_L,83,A21r_L,-1
17,-10.0,1,0.22026431718061673, -39 -60 18,A39rv_L,83,A21r_L,-1
18,-11.0,5,3.5211267605633805, -42 27 -18,A12/47o_L,83,A21r_L,-1
18,-13.0,6,3.508771929824561, -48 30 -15,A12/47l_L,83,A21r_L,-1
19,-16.0,9,6.569343065693431, -51 -42 18,A41/42_L,83,A21r_L,-1
19,-12.0,3,0.9063444108761329, -45 -42 21,A40rv_L,83,A21r_L,-1
20,-12.0,1,0.5263157894736842, -48 -30 0,A22c_L,83,A21r_L,-1
20,-12.0,11,6.790123456790123, -63 -21 -18,A21c_L,83,A21r_L,-1
20,-10.0,36,13.740458015267176, -54 -30 -9,aSTS_L,83,A21r_L,-1
20,-10.0,2,1.6, -60 -21 -18,A20il_L,83,A21r_L,-1
20,-12.0,13,15.662650602409638, -48 -39 0,rpSTS_L,83,A21r_L,-1
21,-10.0,1,0.31545741324921134, -51 -48 30,A40c_L,83,A21r_L,-1
22,-12.0,1,0.3816793893129771, -51 -15 -15,aSTS_L,83,A21r_L,-1
1,-11.0,18,9.375, 69 -21 -18,A21c_R,84,A21r_R,-1
1,-10.0,4,1.1695906432748537, 63 -18 -15,aSTS_R,84,A21r_R,-1
2,-13.0,4,3.9603960396039604, 66 -30 -24,A20cl_R,84,A21r_R,-1
3,-10.0,2,0.7246376811594203, 48 -66 36,A39rd_R,84,A21r_R,-1
3,-11.0,34,8.457711442786069, 57 -60 27,A39rv_R,84,A21r_R,-1
4,-11.0,4,2.816901408450704, 57 -21 -24,A20il_R,84,A21r_R,-1
4,-11.0,4,2.2988505747126435, 57 -24 -27,A20cv_R,84,A21r_R,-1
5,-10.0,12,6.593406593406593, 42 15 36,IFJ_R,84,A21r_R,-1
5,-11.0,12,4.8582995951417, 42 21 36,A8vl_R,84,A21r_R,-1
6,-14.0,61,27.47747747747748, 24 30 45,A8dl_R,84,A21r_R,-1
6,-12.0,61,21.785714285714285, 15 48 36,A9l_R,84,A21r_R,-1
6,-14.0,51,22.767857142857142, -3 42 33,A9m_L,84,A21r_R,-1
6,-12.0,69,28.630705394190873, 6 42 30,A9m_R,84,A21r_R,-1
6,-13.0,70,21.9435736677116, -3 48 21,A10m_L,84,A21r_R,-1
6,-13.0,29,11.740890688259109, 6 51 18,A10m_R,84,A21r_R,-1
6,-12.0,40,13.793103448275861, 27 39 36,A9/46d_R,84,A21r_R,-1
6,-11.0,2,0.6734006734006734, 21 51 39,A46_R,84,A21r_R,-1
6,-15.0,42,29.577464788732396, -6 42 15,A32p_L,84,A21r_R,-1
6,-10.0,1,0.9090909090909091, 0 39 27,A32p_R,84,A21r_R,-1
6,-12.0,4,1.9230769230769231, -6 42 9,A32sg_L,84,A21r_R,-1
6,-11.0,5,4.62962962962963, 3 45 15,A32sg_R,84,A21r_R,-1
7,-15.0,91,35.13513513513514, -12 -60 15,dmPOS_L,84,A21r_R,-1
7,-11.0,84,26.25, 15 -57 18,dmPOS_R,84,A21r_R,-1
7,-11.0,20,8.403361344537815, -3 -63 21,A31_L,84,A21r_R,-1
7,-11.0,8,3.088803088803089, 0 -63 21,A31_R,84,A21r_R,-1
7,-13.0,21,20.792079207920793, -6 -54 6,A23v_L,84,A21r_R,-1
7,-10.0,10,12.5, 9 -48 9,A23v_R,84,A21r_R,-1
7,-11.0,2,0.8968609865470852, 0 -66 18,rCunG_R,84,A21r_R,-1
7,-13.0,80,26.666666666666668, -9 -66 12,vmPOS_L,84,A21r_R,-1
7,-10.0,43,13.82636655948553, 12 -63 18,vmPOS_R,84,A21r_R,-1
7,-12.0,3,0.8955223880597015, -3 -54 6,Left I-IV,84,A21r_R,-1
8,-10.0,1,0.45045045045045046, 18 27 60,A8dl_R,84,A21r_R,-1
9,-13.0,6,5.9405940594059405, -9 -30 48,A1/2/3ll_L,84,A21r_R,-1
9,-12.0,3,2.2058823529411766, 12 -24 42,A1/2/3ll_R,84,A21r_R,-1
9,-12.0,1,0.625, -3 -27 48,A4ll_L,84,A21r_R,-1
9,-11.0,2,1.2903225806451613, 6 -24 48,A4ll_R,84,A21r_R,-1
9,-11.0,1,0.5952380952380952, -3 -54 48,A7m_L,84,A21r_R,-1
9,-13.0,12,6.936416184971098, -3 -45 48,A5m_L,84,A21r_R,-1
9,-13.0,10,5.46448087431694, 3 -45 48,A5m_R,84,A21r_R,-1
9,-12.0,58,24.369747899159663, -3 -51 39,A31_L,84,A21r_R,-1
9,-12.0,18,6.94980694980695, 0 -51 42,A31_R,84,A21r_R,-1
9,-10.0,15,9.803921568627452, 0 -39 39,A23d_L,84,A21r_R,-1
9,-11.0,3,2.803738317757009, 6 -27 36,A23d_R,84,A21r_R,-1
9,-10.0,1,1.639344262295082, -3 -18 33,A24rv_L,84,A21r_R,-1
9,-14.0,68,39.08045977011494, -3 -24 39,A23c_L,84,A21r_R,-1
9,-13.0,49,36.2962962962963, 6 -24 39,A23c_R,84,A21r_R,-1
10,-10.0,1,0.31545741324921134, 3 -54 3,Right I-IV,84,A21r_R,-1
11,-11.0,2,1.183431952662722, 0 48 -9,A14m_R,84,A21r_R,-1
11,-11.0,4,1.9230769230769231, 0 42 -9,A32sg_L,84,A21r_R,-1
12,-11.0,7,2.19435736677116, -6 63 6,A10m_L,84,A21r_R,-1
12,-10.0,2,1.2195121951219512, -9 63 3,A14m_L,84,A21r_R,-1
13,-11.0,11,4.089219330855019, -21 24 45,A8dl_L,84,A21r_R,-1
14,-11.0,43,13.782051282051283, -21 48 30,A9/46d_L,84,A21r_R,-1
15,-11.0,4,1.2779552715654952, -42 -78 30,A39c_L,84,A21r_R,-1
15,-13.0,7,2.8225806451612905, -45 -63 39,A39rd_L,84,A21r_R,-1
15,-12.0,20,6.309148264984227, -51 -57 36,A40c_L,84,A21r_R,-1
15,-13.0,96,21.145374449339208, -45 -69 30,A39rv_L,84,A21r_R,-1
16,-13.0,2,1.408450704225352, -42 24 -18,A12/47o_L,84,A21r_R,-1
17,-10.0,3,0.6607929515418502, -45 -72 15,A39rv_L,84,A21r_R,-1
17,-10.0,2,0.8928571428571429, -48 -75 15,V5/MT+_L,84,A21r_R,-1
18,-14.0,3,2.7777777777777777, -45 -48 18,cpSTS_L,84,A21r_R,-1
18,-10.0,7,1.5418502202643172, -45 -51 21,A39rv_L,84,A21r_R,-1
19,-12.0,10,7.299270072992701, -48 -42 18,A41/42_L,84,A21r_R,-1
19,-10.0,2,0.6042296072507553, -45 -42 21,A40rv_L,84,A21r_R,-1
20,-13.0,9,3.435114503816794, -51 -36 -6,aSTS_L,84,A21r_R,-1
21,-11.0,1,0.44052863436123346, -51 -12 -21,A21r_L,84,A21r_R,-1
21,-11.0,7,2.6717557251908395, -51 -12 -18,aSTS_L,84,A21r_R,-1
22,-10.0,8,5.839416058394161, -57 -36 12,A41/42_L,84,A21r_R,-1
22,-10.0,8,9.63855421686747, -60 -36 6,rpSTS_L,84,A21r_R,-1
1,-10.0,1,0.29673590504451036, 48 -78 12,A39c_R,86,A37dl_R,-1
1,-11.0,1,0.4048582995951417, 48 -75 12,V5/MT+_R,86,A37dl_R,-1
2,-10.0,5,1.9841269841269842, 48 -6 54,A6cdl_R,86,A37dl_R,-1
2,-11.0,1,0.5714285714285714, 48 -6 57,A4ul_R,86,A37dl_R,-1
3,-10.0,1,0.3125, 24 -60 15,dmPOS_R,86,A37dl_R,-1
1,-11.0,1,0.6060606060606061, 66 -24 0,A22c_R,87,aSTS_L,-1
1,-13.0,5,2.6041666666666665, 60 -18 -18,A21c_R,87,aSTS_L,-1
1,-11.0,1,0.33222591362126247, 60 -12 -21,A21r_R,87,aSTS_L,-1
1,-12.0,48,14.035087719298245, 63 -21 -9,aSTS_R,87,aSTS_L,-1
2,-13.0,2,0.6644518272425249, 48 6 -39,A21r_R,87,aSTS_L,-1
3,-11.0,1,0.33222591362126247, 45 6 -42,A21r_R,87,aSTS_L,-1
4,-10.0,1,0.4048582995951417, 39 21 39,A8vl_R,87,aSTS_L,-1
5,-10.0,9,3.474903474903475, -9 -66 18,dmPOS_L,87,aSTS_L,-1
5,-10.0,5,1.5625, 9 -60 21,dmPOS_R,87,aSTS_L,-1
5,-10.0,4,1.680672268907563, 0 -66 21,A31_L,87,aSTS_L,-1
5,-10.0,1,0.3861003861003861, 3 -66 24,A31_R,87,aSTS_L,-1
5,-10.0,1,0.4484304932735426, 0 -66 18,rCunG_R,87,aSTS_L,-1
5,-10.0,10,3.3333333333333335, -9 -69 21,vmPOS_L,87,aSTS_L,-1
5,-10.0,24,7.717041800643087, 6 -66 18,vmPOS_R,87,aSTS_L,-1
6,-14.0,7,3.1531531531531534, 18 30 54,A8dl_R,87,aSTS_L,-1
7,-11.0,5,1.7857142857142858, 12 42 45,A9l_R,87,aSTS_L,-1
8,-12.0,4,1.6597510373443984, 9 48 21,A9m_R,87,aSTS_L,-1
8,-12.0,8,3.2388663967611335, 9 48 18,A10m_R,87,aSTS_L,-1
9,-11.0,2,0.7142857142857143, 9 48 42,A9l_R,87,aSTS_L,-1
9,-10.0,1,0.4149377593360996, 6 48 39,A9m_R,87,aSTS_L,-1
10,-10.0,2,1.2195121951219512, 0 57 -6,A14m_L,87,aSTS_L,-1
10,-10.0,12,7.100591715976331, 6 54 -9,A14m_R,87,aSTS_L,-1
10,-11.0,5,2.793296089385475, 0 48 -21,A11m_L,87,aSTS_L,-1
10,-11.0,8,4.0, 3 48 -18,A11m_R,87,aSTS_L,-1
11,-11.0,1,0.43859649122807015, -12 45 39,A9l_L,87,aSTS_L,-1
11,-12.0,16,7.142857142857143, -6 42 36,A9m_L,87,aSTS_L,-1
12,-10.0,1,0.6097560975609756, -9 51 -9,A14m_L,87,aSTS_L,-1
13,-11.0,15,5.5762081784386615, -15 27 51,A8dl_L,87,aSTS_L,-1
14,-11.0,2,0.7434944237918215, -18 27 39,A8dl_L,87,aSTS_L,-1
15,-13.0,38,26.760563380281692, -39 24 -18,A12/47o_L,87,aSTS_L,-1
15,-10.0,2,0.7380073800738007, -27 18 -24,A11l_L,87,aSTS_L,-1
15,-13.0,13,7.60233918128655, -45 30 -15,A12/47l_L,87,aSTS_L,-1
15,-10.0,12,5.47945205479452, -36 18 -30,A38m_L,87,aSTS_L,-1
15,-13.0,6,4.054054054054054, -39 18 -24,A38l_L,87,aSTS_L,-1
15,-13.0,6,8.823529411764707, -33 15 -18,vIa_L,87,aSTS_L,-1
16,-13.0,4,1.6129032258064515, -48 -63 42,A39rd_L,87,aSTS_L,-1
16,-11.0,1,0.31545741324921134, -51 -63 45,A40c_L,87,aSTS_L,-1
16,-11.0,8,1.7621145374449338, -48 -66 39,A39rv_L,87,aSTS_L,-1
17,-10.0,1,0.3021148036253776, -48 -33 15,A40rv_L,87,aSTS_L,-1
18,-13.0,6,2.643171806167401, -48 3 -36,A21r_L,87,aSTS_L,-1
19,-10.0,3,0.6607929515418502, -54 -69 33,A39rv_L,87,aSTS_L,-1
1,-11.0,4,1.7167381974248928, 60 -54 12,A37dl_R,88,aSTS_R,-1
1,-11.0,2,0.4975124378109453, 60 -54 15,A39rv_R,88,aSTS_R,-1
2,-11.0,3,2.272727272727273, 39 48 -15,A12/47o_R,88,aSTS_R,-1
3,-10.0,2,1.092896174863388, 30 -30 60,A1/2/3tru_R,88,aSTS_R,-1
4,-10.0,15,8.19672131147541, 24 -36 63,A1/2/3tru_R,88,aSTS_R,-1
5,-10.0,21,6.5625, 24 -63 15,dmPOS_R,88,aSTS_R,-1
5,-11.0,7,2.2508038585209005, 18 -63 15,vmPOS_R,88,aSTS_R,-1
6,-11.0,4,2.5806451612903225, 6 -27 60,A4ll_R,88,aSTS_R,-1
7,-13.0,22,8.494208494208495, -9 -60 12,dmPOS_L,88,aSTS_R,-1
7,-11.0,4,1.6129032258064515, 0 -72 15,rCunG_L,88,aSTS_R,-1
7,-10.0,62,20.666666666666668, -9 -69 12,vmPOS_L,88,aSTS_R,-1
8,-11.0,5,2.100840336134454, -6 -54 42,A31_L,88,aSTS_R,-1
9,-10.0,3,1.3392857142857142, -6 33 45,A9m_L,88,aSTS_R,-1
10,-10.0,6,2.6785714285714284, -6 39 36,A9m_L,88,aSTS_R,-1
11,-11.0,31,11.524163568773234, -18 24 45,A8dl_L,88,aSTS_R,-1
11,-11.0,3,1.0380622837370241, -24 24 48,A8vl_L,88,aSTS_R,-1
12,-10.0,1,0.29239766081871343, -27 -39 -21,Left V,88,aSTS_R,-1
13,-10.0,1,0.5050505050505051, -33 -30 63,A4ul_L,88,aSTS_R,-1
14,-10.0,2,0.8368200836820083, -42 -24 0,TE1.0/TE1.2_L,88,aSTS_R,-1
14,-10.0,10,9.803921568627452, -36 -24 3,G_L,88,aSTS_R,-1
15,-11.0,38,27.73722627737226, -42 -36 9,A41/42_L,88,aSTS_R,-1
15,-11.0,4,1.6736401673640167, -42 -30 12,TE1.0/TE1.2_L,88,aSTS_R,-1
15,-10.0,7,2.1148036253776437, -45 -36 15,A40rv_L,88,aSTS_R,-1
16,-10.0,3,2.112676056338028, -42 30 -18,A12/47o_L,88,aSTS_R,-1
16,-13.0,10,5.847953216374269, -45 33 -15,A12/47l_L,88,aSTS_R,-1
17,-10.0,4,2.9197080291970803, -57 -36 12,A41/42_L,88,aSTS_R,-1
17,-12.0,7,3.6842105263157894, -51 -24 -6,A22c_L,88,aSTS_R,-1
17,-11.0,7,3.867403314917127, -51 -12 -12,A22r_L,88,aSTS_R,-1
17,-12.0,55,20.99236641221374, -51 -21 -12,aSTS_L,88,aSTS_R,-1
17,-14.0,45,54.21686746987952, -51 -39 3,rpSTS_L,88,aSTS_R,-1
17,-11.0,16,14.814814814814815, -57 -48 6,cpSTS_L,88,aSTS_R,-1
18,-10.0,6,1.8927444794952681, -54 -51 36,A40c_L,88,aSTS_R,-1
1,-11.0,5,1.5822784810126582, 54 -33 42,A40rd_R,91,A37elv_L,-1
1,-13.0,3,0.9009009009009009, 60 -33 45,A40c_R,91,A37elv_L,-1
1,-12.0,3,0.78125, 57 -33 42,A40rv_R,91,A37elv_L,-1
2,-11.0,6,1.8987341772151898, 51 -36 45,A40rd_R,91,A37elv_L,-1
3,-14.0,10,4.651162790697675, 30 0 63,A6dl_R,91,A37elv_L,-1
3,-12.0,11,6.7073170731707314, 30 0 57,A6vl_R,91,A37elv_L,-1
3,-11.0,3,1.1904761904761905, 33 -3 60,A6cdl_R,91,A37elv_L,-1
4,-11.0,7,5.109489051094891, -21 -63 45,A7c_L,91,A37elv_L,-1
4,-11.0,5,2.9761904761904763, -21 -69 42,lsOccG_L,91,A37elv_L,-1
5,-11.0,5,2.9761904761904763, -24 -81 33,lsOccG_L,91,A37elv_L,-1
6,-10.0,2,0.9852216748768473, -24 -6 54,A6dl_L,91,A37elv_L,-1
6,-10.0,12,6.185567010309279, -27 -6 51,A6vl_L,91,A37elv_L,-1
6,-10.0,5,2.5380710659898478, -27 -9 54,A6cdl_L,91,A37elv_L,-1
7,-10.0,6,2.955665024630542, -24 0 63,A6dl_L,91,A37elv_L,-1
7,-10.0,20,10.309278350515465, -24 0 54,A6vl_L,91,A37elv_L,-1
8,-14.0,37,27.00729927007299, -33 -48 45,A5l_L,91,A37elv_L,-1
8,-11.0,3,2.5, -30 -54 42,A7ip_L,91,A37elv_L,-1
8,-11.0,21,8.46774193548387, -36 -51 42,A39rd_L,91,A37elv_L,-1
8,-15.0,33,10.749185667752442, -42 -45 48,A40rd_L,91,A37elv_L,-1
8,-14.0,3,1.4150943396226414, -42 -42 54,A2_L,91,A37elv_L,-1
9,-10.0,3,1.3888888888888888, -51 6 36,A6cvl_L,91,A37elv_L,-1
10,-15.0,38,12.37785016286645, -57 -33 42,A40rd_L,91,A37elv_L,-1
10,-15.0,14,4.416403785488959, -60 -39 42,A40c_L,91,A37elv_L,-1
10,-12.0,4,1.2084592145015105, -60 -33 36,A40rv_L,91,A37elv_L,-1
1,-10.0,2,0.8097165991902834, 51 -72 3,V5/MT+_R,92,A37elv_R,-1
2,-10.0,1,0.4608294930875576, 51 6 30,A6cvl_R,92,A37elv_R,-1
3,-11.0,1,0.5494505494505495, 42 0 36,IFJ_R,92,A37elv_R,-1
3,-15.0,8,3.686635944700461, 48 3 30,A6cvl_R,92,A37elv_R,-1
4,-11.0,3,0.9493670886075949, 45 -36 45,A40rd_R,92,A37elv_R,-1
5,-17.0,28,17.391304347826086, 24 -60 60,A7r_R,92,A37elv_R,-1
5,-17.0,100,64.93506493506493, 18 -69 51,A7c_R,92,A37elv_R,-1
5,-17.0,63,42.857142857142854, 27 -57 54,A7ip_R,92,A37elv_R,-1
5,-11.0,5,1.4836795252225519, 36 -84 24,A39c_R,92,A37elv_R,-1
5,-11.0,6,2.1739130434782608, 30 -66 51,A39rd_R,92,A37elv_R,-1
5,-16.0,36,32.142857142857146, 9 -63 48,A7m_R,92,A37elv_R,-1
5,-10.0,19,5.9375, 18 -69 39,dmPOS_R,92,A37elv_R,-1
5,-11.0,6,2.3166023166023164, 9 -60 42,A31_R,92,A37elv_R,-1
5,-11.0,11,4.641350210970464, 36 -87 21,mOccG_R,92,A37elv_R,-1
5,-12.0,23,11.917098445595855, 18 -81 45,msOccG_R,92,A37elv_R,-1
5,-12.0,127,56.95067264573991, 27 -75 39,lsOccG_R,92,A37elv_R,-1
6,-12.0,8,3.7209302325581395, 24 0 57,A6dl_R,92,A37elv_R,-1
6,-17.0,18,10.975609756097562, 30 0 54,A6vl_R,92,A37elv_R,-1
6,-17.0,46,18.253968253968253, 33 -6 54,A6cdl_R,92,A37elv_R,-1
7,-10.0,1,0.6802721088435374, 30 -51 39,A7ip_R,92,A37elv_R,-1
8,-12.0,1,0.3125, 21 -75 30,dmPOS_R,92,A37elv_R,-1
9,-10.0,2,1.092896174863388, 15 -51 54,A5m_R,92,A37elv_R,-1
10,-10.0,3,0.8620689655172413, 9 -72 -45,Right VIIb,92,A37elv_R,-1
11,-14.0,52,37.956204379562045, -15 -72 48,A7c_L,92,A37elv_R,-1
11,-11.0,23,16.78832116788321, -36 -48 51,A5l_L,92,A37elv_R,-1
11,-16.0,19,15.833333333333334, -27 -63 57,A7ip_L,92,A37elv_R,-1
11,-10.0,2,0.6389776357827476, -27 -81 15,A39c_L,92,A37elv_R,-1
11,-11.0,11,3.583061889250814, -42 -45 51,A40rd_L,92,A37elv_R,-1
11,-17.0,25,9.652509652509652, -18 -75 33,dmPOS_L,92,A37elv_R,-1
11,-11.0,1,0.4716981132075472, -42 -42 54,A2_L,92,A37elv_R,-1
11,-15.0,6,2.0, -15 -81 30,vmPOS_L,92,A37elv_R,-1
11,-14.0,9,4.787234042553192, -15 -81 36,msOccG_L,92,A37elv_R,-1
11,-17.0,62,36.904761904761905, -24 -78 30,lsOccG_L,92,A37elv_R,-1
12,-11.0,1,0.3861003861003861, -21 -72 24,dmPOS_L,92,A37elv_R,-1
13,-10.0,1,0.3861003861003861, -21 -69 27,dmPOS_L,92,A37elv_R,-1
14,-11.0,5,2.4630541871921183, -21 -9 54,A6dl_L,92,A37elv_R,-1
14,-11.0,3,1.5463917525773196, -24 -6 51,A6vl_L,92,A37elv_R,-1
14,-14.0,8,4.060913705583756, -24 -9 51,A6cdl_L,92,A37elv_R,-1
1,-13.0,6,2.6315789473684212, -12 48 33,A9l_L,95,A20il_L,-1
1,-13.0,35,15.625, -3 39 30,A9m_L,95,A20il_L,-1
1,-10.0,40,16.597510373443985, 3 42 27,A9m_R,95,A20il_L,-1
1,-12.0,11,3.4482758620689653, -6 42 24,A10m_L,95,A20il_L,-1
1,-10.0,2,0.8097165991902834, 3 51 24,A10m_R,95,A20il_L,-1
1,-10.0,13,9.154929577464788, -6 39 21,A32p_L,95,A20il_L,-1
1,-10.0,3,2.727272727272727, 0 36 27,A32p_R,95,A20il_L,-1
2,-10.0,2,0.8097165991902834, 3 57 24,A10m_R,95,A20il_L,-1
3,-10.0,1,0.32051282051282054, -18 45 33,A9/46d_L,95,A20il_L,-1
4,-10.0,3,0.9615384615384616, -21 42 27,A9/46d_L,95,A20il_L,-1
5,-10.0,1,0.704225352112676, -42 27 -18,A12/47o_L,95,A20il_L,-1
1,-10.0,2,0.8928571428571429, -6 45 30,A9m_L,99,A20cl_L,-1
1,-10.0,1,0.31347962382445144, -9 42 30,A10m_L,99,A20cl_L,-1
2,-12.0,2,0.9852216748768473, -21 6 54,A6dl_L,99,A20cl_L,-1
2,-10.0,54,27.835051546391753, -33 3 54,A6vl_L,99,A20cl_L,-1
2,-10.0,1,0.5076142131979695, -36 -3 57,A6cdl_L,99,A20cl_L,-1
3,-10.0,1,0.37174721189591076, -24 21 57,A8dl_L,99,A20cl_L,-1
4,-13.0,2,0.6920415224913494, -27 15 57,A8vl_L,99,A20cl_L,-1
5,-10.0,1,0.4166666666666667, -42 3 45,IFJ_L,99,A20cl_L,-1
5,-10.0,1,0.5154639175257731, -42 3 51,A6vl_L,99,A20cl_L,-1
5,-10.0,5,2.314814814814815, -45 3 45,A6cvl_L,99,A20cl_L,-1
6,-10.0,1,0.46296296296296297, -54 12 27,A6cvl_L,99,A20cl_L,-1
1,-13.0,17,5.379746835443038, 63 -24 45,A40rd_R,107,A37lv_L,-1
1,-14.0,25,6.510416666666667, 60 -27 39,A40rv_R,107,A37lv_L,-1
2,-13.0,4,2.73972602739726, 57 3 30,A4hf_R,107,A37lv_L,-1
2,-13.0,15,6.912442396313364, 57 6 27,A6cvl_R,107,A37lv_L,-1
3,-10.0,9,4.225352112676056, 54 -21 54,A2_R,107,A37lv_L,-1
4,-10.0,1,0.37453183520599254, 57 -9 48,A1/2/3ulhf_R,107,A37lv_L,-1
5,-11.0,20,6.329113924050633, 48 -36 51,A40rd_R,107,A37lv_L,-1
5,-11.0,2,0.7490636704119851, 48 -24 60,A1/2/3ulhf_R,107,A37lv_L,-1
5,-15.0,13,6.103286384976526, 48 -33 60,A2_R,107,A37lv_L,-1
6,-11.0,4,1.6194331983805668, 51 -72 0,V5/MT+_R,107,A37lv_L,-1
7,-10.0,2,2.6666666666666665, 51 -66 -15,A37elv_R,107,A37lv_L,-1
7,-12.0,1,0.9174311926605505, 51 -63 -12,A37vl_R,107,A37lv_L,-1
7,-11.0,28,12.962962962962964, 45 -60 -18,A37lv_R,107,A37lv_L,-1
8,-11.0,1,0.4608294930875576, 48 3 30,A6cvl_R,107,A37lv_L,-1
9,-16.0,26,7.71513353115727, 39 -81 18,A39c_R,107,A37lv_L,-1
9,-17.0,4,1.4492753623188406, 33 -78 24,A39rd_R,107,A37lv_L,-1
9,-17.0,47,19.831223628691983, 36 -84 15,mOccG_R,107,A37lv_L,-1
9,-16.0,7,3.626943005181347, 24 -81 24,msOccG_R,107,A37lv_L,-1
9,-17.0,44,19.730941704035875, 30 -81 24,lsOccG_R,107,A37lv_L,-1
10,-11.0,1,0.29673590504451036, 42 -63 9,A39c_R,107,A37lv_L,-1
10,-11.0,1,0.4048582995951417, 42 -63 6,V5/MT+_R,107,A37lv_L,-1
11,-11.0,1,0.46296296296296297, 39 -60 -6,A37lv_R,107,A37lv_L,-1
11,-11.0,1,0.4048582995951417, 42 -60 -6,V5/MT+_R,107,A37lv_L,-1
12,-11.0,1,0.3968253968253968, 42 -6 57,A6cdl_R,107,A37lv_L,-1
12,-12.0,3,1.7142857142857142, 39 -9 54,A4ul_R,107,A37lv_L,-1
13,-11.0,1,0.46296296296296297, 36 -33 -24,A37lv_R,107,A37lv_L,-1
14,-14.0,10,4.651162790697675, 24 0 54,A6dl_R,107,A37lv_L,-1
14,-13.0,5,3.048780487804878, 30 0 57,A6vl_R,107,A37lv_L,-1
14,-11.0,34,13.492063492063492, 30 -3 54,A6cdl_R,107,A37lv_L,-1
15,-12.0,1,0.3125, 24 -75 33,dmPOS_R,107,A37lv_L,-1
16,-14.0,1,0.3125, 24 -72 30,dmPOS_R,107,A37lv_L,-1
17,-11.0,12,7.792207792207792, 18 -75 51,A7c_R,107,A37lv_L,-1
17,-11.0,11,4.932735426008969, 21 -72 48,lsOccG_R,107,A37lv_L,-1
18,-17.0,10,3.125, 21 -72 21,dmPOS_R,107,A37lv_L,-1
18,-10.0,2,0.6430868167202572, 18 -69 18,vmPOS_R,107,A37lv_L,-1
19,-11.0,1,0.6493506493506493, 24 -69 57,A7c_R,107,A37lv_L,-1
20,-13.0,1,0.3125, 21 -75 30,dmPOS_R,107,A37lv_L,-1
21,-10.0,1,0.5263157894736842, 18 -87 6,cCunG_R,107,A37lv_L,-1
22,-10.0,1,0.3215434083601286, 18 -75 24,vmPOS_R,107,A37lv_L,-1
23,-14.0,1,0.4484304932735426, 15 -75 15,rCunG_R,107,A37lv_L,-1
23,-17.0,2,0.6430868167202572, 18 -72 15,vmPOS_R,107,A37lv_L,-1
24,-13.0,7,3.004291845493562, 12 9 39,A8m_R,107,A37lv_L,-1
24,-14.0,1,1.6666666666666667, 9 12 39,A24cd_R,107,A37lv_L,-1
25,-10.0,1,1.0638297872340425, 6 0 33,A24rv_R,107,A37lv_L,-1
26,-10.0,1,0.35587188612099646, -18 -96 12,OPC_L,107,A37lv_L,-1
27,-10.0,8,3.088803088803089, -18 -75 30,dmPOS_L,107,A37lv_L,-1
28,-10.0,1,0.7299270072992701, -18 -69 57,A7c_L,107,A37lv_L,-1
29,-11.0,3,2.18978102189781, -21 -66 54,A7c_L,107,A37lv_L,-1
29,-11.0,2,1.6666666666666667, -24 -66 54,A7ip_L,107,A37lv_L,-1
30,-10.0,2,0.6389776357827476, -27 -84 18,A39c_L,107,A37lv_L,-1
30,-13.0,13,5.508474576271187, -24 -93 15,mOccG_L,107,A37lv_L,-1
30,-10.0,3,1.0676156583629892, -21 -96 15,OPC_L,107,A37lv_L,-1
31,-11.0,3,1.477832512315271, -21 -6 54,A6dl_L,107,A37lv_L,-1
31,-11.0,5,2.577319587628866, -27 -6 48,A6vl_L,107,A37lv_L,-1
31,-14.0,12,6.091370558375634, -27 -9 48,A6cdl_L,107,A37lv_L,-1
32,-10.0,1,0.5952380952380952, -24 -84 27,lsOccG_L,107,A37lv_L,-1
33,-10.0,1,0.5952380952380952, -24 -78 30,lsOccG_L,107,A37lv_L,-1
34,-11.0,58,42.33576642335766, -33 -48 48,A5l_L,107,A37lv_L,-1
34,-11.0,24,20.0, -30 -57 45,A7ip_L,107,A37lv_L,-1
34,-11.0,5,2.0161290322580645, -33 -54 42,A39rd_L,107,A37lv_L,-1
34,-15.0,47,15.309446254071661, -39 -42 45,A40rd_L,107,A37lv_L,-1
34,-13.0,20,9.433962264150944, -39 -36 48,A2_L,107,A37lv_L,-1
35,-10.0,1,0.3194888178913738, -30 -81 15,A39c_L,107,A37lv_L,-1
36,-11.0,1,0.3021148036253776, -39 -27 21,A40rv_L,107,A37lv_L,-1
37,-10.0,1,0.7751937984496124, -42 -3 15,A4tl_L,107,A37lv_L,-1
38,-11.0,1,0.3021148036253776, -45 -24 21,A40rv_L,107,A37lv_L,-1
39,-10.0,1,0.44642857142857145, -51 -69 6,V5/MT+_L,107,A37lv_L,-1
40,-12.0,44,14.332247557003257, -57 -30 42,A40rd_L,107,A37lv_L,-1
40,-10.0,3,0.9463722397476341, -60 -36 45,A40c_L,107,A37lv_L,-1
40,-11.0,3,0.9063444108761329, -60 -33 36,A40rv_L,107,A37lv_L,-1
40,-10.0,4,1.8867924528301887, -54 -24 42,A2_L,107,A37lv_L,-1
41,-10.0,1,0.3021148036253776, -51 -21 24,A40rv_L,107,A37lv_L,-1
42,-10.0,1,0.3257328990228013, -66 -24 39,A40rd_L,107,A37lv_L,-1
1,-13.0,51,16.139240506329113, 45 -33 45,A40rd_R,108,A37lv_R,-1
1,-12.0,16,4.166666666666667, 63 -21 39,A40rv_R,108,A37lv_R,-1
1,-12.0,5,2.347417840375587, 42 -33 51,A2_R,108,A37lv_R,-1
2,-10.0,1,0.2604166666666667, 54 -30 39,A40rv_R,108,A37lv_R,-1
3,-17.0,2,0.5934718100890207, 42 -66 9,A39c_R,108,A37lv_R,-1
3,-17.0,78,31.57894736842105, 48 -69 0,V5/MT+_R,108,A37lv_R,-1
3,-13.0,2,0.7352941176470589, 39 -78 -3,iOccG_R,108,A37lv_R,-1
4,-10.0,5,2.304147465437788, 51 6 24,A6cvl_R,108,A37lv_R,-1
5,-14.0,7,3.225806451612903, 48 3 30,A6cvl_R,108,A37lv_R,-1
6,-10.0,4,1.5873015873015872, 42 -6 54,A6cdl_R,108,A37lv_R,-1
6,-12.0,6,3.4285714285714284, 42 -9 54,A4ul_R,108,A37lv_R,-1
7,-17.0,70,45.45454545454545, 24 -69 54,A7c_R,108,A37lv_R,-1
7,-17.0,20,13.605442176870747, 27 -60 54,A7ip_R,108,A37lv_R,-1
7,-11.0,9,2.6706231454005933, 36 -78 18,A39c_R,108,A37lv_R,-1
7,-17.0,4,1.4492753623188406, 33 -78 24,A39rd_R,108,A37lv_R,-1
7,-15.0,28,8.75, 21 -72 30,dmPOS_R,108,A37lv_R,-1
7,-10.0,1,0.3215434083601286, 18 -75 27,vmPOS_R,108,A37lv_R,-1
7,-17.0,72,30.379746835443036, 33 -84 12,mOccG_R,108,A37lv_R,-1
7,-15.0,65,33.67875647668394, 21 -81 36,msOccG_R,108,A37lv_R,-1
7,-13.0,122,54.7085201793722, 27 -75 36,lsOccG_R,108,A37lv_R,-1
8,-16.0,9,5.921052631578948, 30 -78 -9,A37mv_R,108,A37lv_R,-1
8,-15.0,7,2.573529411764706, 33 -81 -9,iOccG_R,108,A37lv_R,-1
9,-17.0,10,4.651162790697675, 27 0 60,A6dl_R,108,A37lv_R,-1
9,-17.0,12,7.317073170731708, 30 0 57,A6vl_R,108,A37lv_R,-1
9,-17.0,47,18.650793650793652, 33 -6 51,A6cdl_R,108,A37lv_R,-1
10,-11.0,4,1.25, 27 -63 9,dmPOS_R,108,A37lv_R,-1
10,-11.0,4,1.2861736334405145, 24 -66 6,vmPOS_R,108,A37lv_R,-1
11,-12.0,5,1.4367816091954022, 9 -72 -48,Right VIIb,108,A37lv_R,-1
11,-12.0,1,1.2820512820512822, 6 -69 -42,Vermis VIIIa,108,A37lv_R,-1
12,-11.0,5,4.464285714285714, 9 -57 54,A7m_R,108,A37lv_R,-1
12,-10.0,1,0.546448087431694, 9 -54 54,A5m_R,108,A37lv_R,-1
13,-10.0,1,0.4032258064516129, -15 -81 12,rCunG_L,108,A37lv_R,-1
14,-11.0,1,0.7299270072992701, -15 -78 48,A7c_L,108,A37lv_R,-1
14,-17.0,25,9.652509652509652, -18 -75 30,dmPOS_L,108,A37lv_R,-1
14,-16.0,9,3.0, -15 -78 27,vmPOS_L,108,A37lv_R,-1
14,-10.0,4,2.127659574468085, -15 -81 39,msOccG_L,108,A37lv_R,-1
14,-14.0,6,3.5714285714285716, -18 -78 39,lsOccG_L,108,A37lv_R,-1
15,-17.0,28,8.945686900958467, -30 -84 15,A39c_L,108,A37lv_R,-1
15,-10.0,44,18.64406779661017, -30 -87 9,mOccG_L,108,A37lv_R,-1
15,-11.0,2,0.8928571428571429, -39 -84 3,V5/MT+_L,108,A37lv_R,-1
15,-11.0,5,2.6595744680851063, -18 -84 18,msOccG_L,108,A37lv_R,-1
15,-17.0,37,22.023809523809526, -24 -78 24,lsOccG_L,108,A37lv_R,-1
16,-15.0,2,1.0638297872340425, -18 -84 27,msOccG_L,108,A37lv_R,-1
17,-11.0,4,3.6363636363636362, -18 -66 60,A7r_L,108,A37lv_R,-1
17,-11.0,17,12.408759124087592, -24 -69 54,A7c_L,108,A37lv_R,-1
17,-13.0,56,40.87591240875913, -33 -51 51,A5l_L,108,A37lv_R,-1
17,-13.0,66,55.0, -27 -60 51,A7ip_L,108,A37lv_R,-1
17,-10.0,7,2.8225806451612905, -36 -54 51,A39rd_L,108,A37lv_R,-1
17,-11.0,37,12.052117263843648, -42 -42 48,A40rd_L,108,A37lv_R,-1
17,-15.0,8,3.7735849056603774, -42 -42 54,A2_L,108,A37lv_R,-1
17,-11.0,2,1.1904761904761905, -21 -66 45,lsOccG_L,108,A37lv_R,-1
18,-17.0,4,1.5444015444015444, -21 -72 24,dmPOS_L,108,A37lv_R,-1
19,-10.0,1,0.5235602094240838, -24 -66 -12,A37mv_L,108,A37lv_R,-1
20,-10.0,6,3.045685279187817, -27 -12 48,A6cdl_L,108,A37lv_R,-1
21,-12.0,7,2.364864864864865, -36 -81 -15,iOccG_L,108,A37lv_R,-1
22,-10.0,2,0.8928571428571429, -42 -75 -9,V5/MT+_L,108,A37lv_R,-1
22,-10.0,2,0.6756756756756757, -42 -78 -9,iOccG_L,108,A37lv_R,-1
23,-12.0,4,4.123711340206185, -51 -63 -15,A37elv_L,108,A37lv_R,-1
23,-11.0,20,8.130081300813009, -48 -66 -15,A37lv_L,108,A37lv_R,-1
23,-14.0,5,2.232142857142857, -45 -69 -9,V5/MT+_L,108,A37lv_R,-1
24,-10.0,1,0.4716981132075472, -48 -36 57,A2_L,108,A37lv_R,-1
25,-11.0,24,7.817589576547231, -54 -33 42,A40rd_L,108,A37lv_R,-1
26,-10.0,6,2.830188679245283, -51 -24 42,A2_L,108,A37lv_R,-1
1,-10.0,2,0.6430868167202572, 18 -72 27,vmPOS_R,110,A35/36r_R,-1
2,-10.0,7,22.580645161290324, -12 -42 -6,TH_L,110,A35/36r_R,-1
2,-10.0,2,1.1173184357541899, -12 -48 -3,rLinG_L,110,A35/36r_R,-1
2,-10.0,2,0.5970149253731343, -9 -42 -9,Left I-IV,110,A35/36r_R,-1
1,-11.0,3,1.8181818181818181, 66 -21 3,A22c_R,121,rpSTS_L,-1
1,-11.0,4,3.278688524590164, 63 -24 0,A22r_R,121,rpSTS_L,-1
1,-17.0,53,15.497076023391813, 60 -24 -6,aSTS_R,121,rpSTS_L,-1
2,-10.0,6,6.0, 60 -36 0,rpSTS_R,121,rpSTS_L,-1
3,-11.0,4,2.0618556701030926, 54 15 -24,A38l_R,121,rpSTS_L,-1
3,-13.0,27,8.970099667774086, 57 6 -27,A21r_R,121,rpSTS_L,-1
3,-12.0,7,2.046783625730994, 57 0 -21,aSTS_R,121,rpSTS_L,-1
4,-10.0,1,0.29239766081871343, 57 -6 -18,aSTS_R,121,rpSTS_L,-1
5,-14.0,21,15.909090909090908, 36 21 -18,A12/47o_R,121,rpSTS_L,-1
5,-11.0,4,1.1695906432748537, 33 21 -21,A11l_R,121,rpSTS_L,-1
5,-10.0,15,9.615384615384615, 39 24 -12,A12/47l_R,121,rpSTS_L,-1
5,-11.0,14,7.216494845360825, 42 18 -21,A38l_R,121,rpSTS_L,-1
5,-12.0,4,7.407407407407407, 33 18 -15,vIa_R,121,rpSTS_L,-1
6,-12.0,10,7.575757575757576, 42 48 -15,A12/47o_R,121,rpSTS_L,-1
7,-10.0,1,0.4149377593360996, 6 45 21,A9m_R,121,rpSTS_L,-1
7,-10.0,1,0.31347962382445144, 0 48 18,A10m_L,121,rpSTS_L,-1
7,-10.0,2,0.8097165991902834, 9 45 18,A10m_R,121,rpSTS_L,-1
7,-11.0,9,6.338028169014085, -6 42 12,A32p_L,121,rpSTS_L,-1
7,-11.0,2,1.8518518518518519, 6 45 18,A32sg_R,121,rpSTS_L,-1
8,-10.0,1,0.5586592178770949, 0 33 -24,A11m_L,121,rpSTS_L,-1
8,-10.0,2,1.0, 3 33 -27,A11m_R,121,rpSTS_L,-1
8,-10.0,2,0.8928571428571429, 3 30 -27,A13_R,121,rpSTS_L,-1
9,-10.0,1,0.45662100456621, -24 18 -36,A38m_L,121,rpSTS_L,-1
10,-17.0,35,24.64788732394366, -36 21 -18,A12/47o_L,121,rpSTS_L,-1
10,-13.0,20,11.695906432748538, -45 30 -15,A12/47l_L,121,rpSTS_L,-1
10,-12.0,20,13.513513513513514, -42 12 -21,A38l_L,121,rpSTS_L,-1
10,-17.0,58,32.04419889502763, -51 0 -18,A22r_L,121,rpSTS_L,-1
10,-13.0,17,7.488986784140969, -51 0 -27,A21r_L,121,rpSTS_L,-1
10,-17.0,28,10.687022900763358, -54 -3 -18,aSTS_L,121,rpSTS_L,-1
10,-13.0,7,10.294117647058824, -33 15 -18,vIa_L,121,rpSTS_L,-1
11,-11.0,3,1.36986301369863, -36 12 -30,A38m_L,121,rpSTS_L,-1
12,-13.0,5,4.464285714285714, -51 30 6,IFS_L,121,rpSTS_L,-1
12,-12.0,19,20.21276595744681, -54 24 3,A45c_L,121,rpSTS_L,-1
12,-11.0,5,4.273504273504273, -54 33 0,A45r_L,121,rpSTS_L,-1
12,-11.0,1,1.3333333333333333, -57 18 9,A44v_L,121,rpSTS_L,-1
1,-11.0,12,4.49438202247191, 45 -21 57,A1/2/3ulhf_R,122,rpSTS_R,-1
1,-11.0,8,3.755868544600939, 51 -18 54,A2_R,122,rpSTS_R,-1
2,-10.0,1,0.9259259259259259, -57 -48 6,cpSTS_L,122,rpSTS_R,-1
1,-10.0,2,1.2121212121212122, 66 -24 0,A22c_R,123,cpSTS_L,-1
1,-10.0,4,1.1695906432748537, 66 -21 -6,aSTS_R,123,cpSTS_L,-1
2,-10.0,1,0.5524861878453039, -51 0 -21,A22r_L,123,cpSTS_L,-1
2,-10.0,2,0.8810572687224669, -51 0 -27,A21r_L,123,cpSTS_L,-1
2,-11.0,1,0.3816793893129771, -51 -3 -21,aSTS_L,123,cpSTS_L,-1
1,-10.0,2,1.36986301369863, 57 -6 45,A4hf_R,124,cpSTS_R,-1
1,-10.0,1,0.37453183520599254, 57 -9 48,A1/2/3ulhf_R,124,cpSTS_R,-1
2,-10.0,2,0.8928571428571429, 54 3 -3,TE1.0/TE1.2_R,124,cpSTS_R,-1
3,-10.0,1,0.7352941176470589, 48 6 0,A4tl_R,124,cpSTS_R,-1
3,-10.0,2,0.8928571428571429, 51 6 -3,TE1.0/TE1.2_R,124,cpSTS_R,-1
4,-10.0,1,0.5952380952380952, 48 12 -3,A44op_R,124,cpSTS_R,-1
5,-10.0,1,1.1904761904761905, 45 9 -3,dId_R,124,cpSTS_R,-1
6,-10.0,1,0.625, -15 -45 75,A7pc_L,124,cpSTS_R,-1
7,-10.0,1,0.5050505050505051, -15 -42 78,A1/2/3tru_L,124,cpSTS_R,-1
1,-12.0,9,12.0, 51 -57 -18,A37elv_R,128,A7c_R,-1
1,-10.0,8,3.7037037037037037, 48 -54 -18,A37lv_R,128,A7c_R,-1
2,-10.0,4,2.5974025974025974, 15 -72 60,A7c_R,128,A7c_R,-1
1,-11.0,14,18.666666666666668, 51 -54 -18,A37elv_R,129,A5l_L,-1
1,-11.0,10,9.174311926605505, 51 -57 -12,A37vl_R,129,A5l_L,-1
1,-10.0,28,12.962962962962964, 48 -48 -18,A37lv_R,129,A5l_L,-1
1,-11.0,1,0.4048582995951417, 48 -60 -9,V5/MT+_R,129,A5l_L,-1
1,-11.0,8,0.7655502392344498, 42 -60 -24,Right Crus I,129,A5l_L,-1
2,-11.0,1,0.3968253968253968, 30 -6 60,A6cdl_R,129,A5l_L,-1
3,-11.0,1,0.4484304932735426, 27 -78 24,lsOccG_R,129,A5l_L,-1
4,-11.0,1,0.5181347150259067, 24 -81 27,msOccG_R,129,A5l_L,-1
5,-11.0,1,0.49261083743842365, -18 -9 60,A6dl_L,129,A5l_L,-1
6,-11.0,36,37.11340206185567, -51 -57 -12,A37elv_L,129,A5l_L,-1
6,-11.0,22,16.793893129770993, -51 -60 -3,A37vl_L,129,A5l_L,-1
6,-11.0,9,6.7164179104477615, -57 -51 -15,A20cl_L,129,A5l_L,-1
6,-11.0,2,1.0471204188481675, -39 -57 -18,A37mv_L,129,A5l_L,-1
6,-11.0,62,25.203252032520325, -42 -57 -15,A37lv_L,129,A5l_L,-1
1,-12.0,10,13.333333333333334, 51 -57 -15,A37elv_R,133,A7ip_L,-1
1,-11.0,8,7.339449541284404, 51 -57 -12,A37vl_R,133,A7ip_L,-1
1,-11.0,35,16.203703703703702, 48 -57 -18,A37lv_R,133,A7ip_L,-1
1,-11.0,3,1.214574898785425, 48 -63 -12,V5/MT+_R,133,A7ip_L,-1
1,-11.0,7,0.6698564593301436, 42 -60 -24,Right Crus I,133,A7ip_L,-1
2,-10.0,1,0.4484304932735426, 27 -78 24,lsOccG_R,133,A7ip_L,-1
3,-10.0,2,0.8968609865470852, 21 -66 48,lsOccG_R,133,A7ip_L,-1
4,-12.0,4,2.094240837696335, -36 -57 -18,A37mv_L,133,A7ip_L,-1
4,-11.0,15,6.097560975609756, -42 -57 -15,A37lv_L,133,A7ip_L,-1
4,-10.0,8,1.2048192771084338, -33 -60 -21,Left VI,133,A7ip_L,-1
1,-12.0,3,1.2195121951219512, -42 -51 -18,A37lv_L,139,A40rd_L,-1
2,-10.0,6,6.185567010309279, -48 -60 -6,A37elv_L,139,A40rd_L,-1
2,-10.0,13,9.923664122137405, -48 -63 -3,A37vl_L,139,A40rd_L,-1
3,-10.0,1,0.3257328990228013, -69 -21 30,A40rd_L,139,A40rd_L,-1
1,-10.0,5,2.202643171806167, -54 0 -30,A21r_L,143,A39rv_L,-1
1,-13.0,11,3.654485049833887, 45 15 -42,A21r_R,151,dmPOS_L,-1
2,-12.0,16,7.048458149779735, -57 0 -27,A21r_L,151,dmPOS_L,-1
2,-10.0,3,1.1450381679389312, -60 0 -18,aSTS_L,151,dmPOS_L,-1
1,-11.0,2,0.6688963210702341, 36 -36 -15,A20rv_R,152,dmPOS_R,-1
1,-10.0,1,0.29239766081871343, 60 -15 -15,aSTS_R,153,A31_L,-1
2,-10.0,19,6.312292358803987, 57 3 -27,A21r_R,153,A31_L,-1
2,-10.0,1,0.29239766081871343, 57 3 -21,aSTS_R,153,A31_L,-1
3,-10.0,1,0.33222591362126247, 57 -6 -24,A21r_R,153,A31_L,-1
4,-11.0,2,1.0362694300518134, 45 21 -33,A38m_R,153,A31_L,-1
4,-10.0,2,1.0309278350515463, 45 21 -30,A38l_R,153,A31_L,-1
4,-11.0,26,8.637873754152825, 45 12 -39,A21r_R,153,A31_L,-1
5,-10.0,3,1.7751479289940828, 6 60 -6,A14m_R,153,A31_L,-1
5,-10.0,1,0.5586592178770949, 0 51 -18,A11m_L,153,A31_L,-1
5,-11.0,36,18.0, 3 57 -15,A11m_R,153,A31_L,-1
6,-10.0,3,1.2605042016806722, 0 -66 27,A31_L,153,A31_L,-1
6,-10.0,16,6.177606177606178, 3 -63 27,A31_R,153,A31_L,-1
6,-10.0,1,0.6535947712418301, 0 -54 27,A23d_L,153,A31_L,-1
6,-10.0,1,0.3215434083601286, 3 -69 27,vmPOS_R,153,A31_L,-1
7,-10.0,1,0.3861003861003861, 3 -51 18,A31_R,153,A31_L,-1
8,-10.0,2,0.8097165991902834, 3 63 6,A10m_R,153,A31_L,-1
8,-10.0,1,0.591715976331361, 3 63 3,A14m_R,153,A31_L,-1
9,-10.0,1,0.4048582995951417, 3 63 12,A10m_R,153,A31_L,-1
10,-10.0,2,0.6269592476489029, -3 54 3,A10m_L,153,A31_L,-1
11,-11.0,7,4.929577464788732, -33 18 -24,A12/47o_L,153,A31_L,-1
11,-11.0,5,2.2831050228310503, -39 21 -24,A38m_L,153,A31_L,-1
11,-11.0,3,2.027027027027027, -39 18 -21,A38l_L,153,A31_L,-1
12,-10.0,1,0.704225352112676, -42 24 -18,A12/47o_L,153,A31_L,-1
13,-11.0,52,22.90748898678414, -54 0 -27,A21r_L,153,A31_L,-1
13,-11.0,10,3.816793893129771, -60 -9 -18,aSTS_L,153,A31_L,-1
14,-10.0,1,0.5524861878453039, -51 12 -24,A22r_L,153,A31_L,-1
15,-11.0,1,0.6172839506172839, -57 -36 -9,A21c_L,153,A31_L,-1
16,-11.0,1,0.6172839506172839, -60 -39 -6,A21c_L,153,A31_L,-1
17,-11.0,3,1.8518518518518519, -66 -39 -3,A21c_L,153,A31_L,-1
1,-10.0,3,2.0547945205479454, 60 -3 42,A4hf_R,155,A1/2/3ulhf_L,-1
1,-11.0,4,1.4981273408239701, 63 -6 39,A1/2/3ulhf_R,155,A1/2/3ulhf_L,-1
1,-10.0,1,0.2604166666666667, 63 -21 30,A40rv_R,157,A1/2/3tonIa_L,-1
2,-10.0,3,3.4482758620689653, -39 -3 -3,dIg_L,157,A1/2/3tonIa_L,-1
3,-10.0,1,1.1494252873563218, -42 -6 0,dIg_L,157,A1/2/3tonIa_L,-1
1,-10.0,2,1.25, -3 -27 69,A4ll_L,161,A1/2/3tru_L,-1
1,-10.0,5,3.225806451612903, 3 -27 69,A4ll_R,161,A1/2/3tru_L,-1
2,-11.0,5,4.9504950495049505, -3 -36 54,A1/2/3ll_L,161,A1/2/3tru_L,-1
2,-10.0,1,0.7352941176470589, 0 -33 57,A1/2/3ll_R,161,A1/2/3tru_L,-1
2,-12.0,1,0.625, -3 -33 57,A4ll_L,161,A1/2/3tru_L,-1
3,-11.0,2,0.7434944237918215, -51 -12 45,A4hf_L,161,A1/2/3tru_L,-1
3,-11.0,2,0.7220216606498195, -54 -12 48,A1/2/3ulhf_L,161,A1/2/3tru_L,-1
1,-10.0,2,0.7434944237918215, -51 -12 45,A4hf_L,162,A1/2/3tru_R,-1
1,-10.0,7,2.527075812274368, -51 -15 51,A1/2/3ulhf_L,162,A1/2/3tru_R,-1
1,-10.0,1,1.2987012987012987, 33 -24 9,G_R,178,A24rv_R,-1
2,-12.0,2,1.0362694300518134, 33 18 -33,A38m_R,178,A24rv_R,-1
3,-10.0,1,0.546448087431694, 24 -30 57,A1/2/3tru_R,178,A24rv_R,-1
4,-10.0,2,1.8691588785046729, 3 -27 39,A23d_R,178,A24rv_R,-1
4,-10.0,1,0.5747126436781609, 0 -27 42,A23c_L,178,A24rv_R,-1
4,-10.0,10,7.407407407407407, 6 -30 42,A23c_R,178,A24rv_R,-1
5,-10.0,5,2.1367521367521367, -3 -54 -42,Left IX,178,A24rv_R,-1
5,-10.0,1,2.0833333333333335, -3 -54 -39,Vermis IX,178,A24rv_R,-1
1,-11.0,3,0.9966777408637874, 60 6 -24,A21r_R,179,A32p_L,-1
2,-10.0,13,3.2338308457711444, 54 -57 21,A39rv_R,179,A32p_L,-1
3,-10.0,4,2.0725388601036268, 30 18 -36,A38m_R,179,A32p_L,-1
4,-10.0,1,2.127659574468085, 21 -18 -30,A35/36c_R,179,A32p_L,-1
5,-10.0,2,1.8691588785046729, 3 -27 39,A23d_R,179,A32p_L,-1
5,-11.0,3,1.7241379310344827, 0 -27 42,A23c_L,179,A32p_L,-1
5,-10.0,2,1.4814814814814814, 3 -30 42,A23c_R,179,A32p_L,-1
6,-13.0,9,3.8461538461538463, -6 -57 -39,Left IX,179,A32p_L,-1
6,-11.0,5,10.416666666666666, -3 -57 -39,Vermis IX,179,A32p_L,-1
7,-10.0,1,1.7857142857142858, -9 -15 6,mPFtha_L,179,A32p_L,-1
7,-11.0,1,0.9090909090909091, -9 -15 3,lPFtha_L,179,A32p_L,-1
8,-10.0,2,0.30120481927710846, -33 -42 -27,Left VI,179,A32p_L,-1
1,-10.0,1,0.5208333333333334, 66 -9 -21,A21c_R,181,A23v_L,-1
2,-10.0,1,0.5, 3 60 -15,A11m_R,181,A23v_L,-1
3,-10.0,1,0.4048582995951417, 3 60 12,A10m_R,181,A23v_L,-1
4,-11.0,21,9.251101321585903, -54 0 -27,A21r_L,181,A23v_L,-1
4,-11.0,4,1.5267175572519085, -54 -3 -21,aSTS_L,181,A23v_L,-1
1,-10.0,4,1.7857142857142858, 9 27 -18,A13_R,182,A23v_R,-1
2,-10.0,2,2.5, 6 -54 9,A23v_R,182,A23v_R,-1
3,-10.0,1,0.591715976331361, 6 42 -15,A14m_R,182,A23v_R,-1
4,-10.0,31,18.902439024390244, -3 45 -15,A14m_L,182,A23v_R,-1
4,-10.0,2,1.183431952662722, 3 57 -9,A14m_R,182,A23v_R,-1
4,-10.0,21,11.731843575418994, -3 54 -21,A11m_L,182,A23v_R,-1
4,-10.0,22,11.0, 3 54 -18,A11m_R,182,A23v_R,-1
4,-10.0,5,1.838235294117647, -6 36 -15,A13_L,182,A23v_R,-1
4,-10.0,13,6.25, -3 36 -9,A32sg_L,182,A23v_R,-1
5,-10.0,1,0.4048582995951417, 3 60 12,A10m_R,182,A23v_R,-1
6,-10.0,1,0.42016806722689076, 0 -69 27,A31_L,182,A23v_R,-1
1,-10.0,2,1.0362694300518134, 36 21 -39,A38m_R,185,A23c_L,-1
1,-10.0,4,1.3289036544850499, 42 21 -42,A21r_R,185,A23c_L,-1
2,-10.0,1,0.5181347150259067, 39 24 -36,A38m_R,185,A23c_L,-1
3,-10.0,4,4.545454545454546, 21 0 -3,vmPu_R,185,A23c_L,-1
4,-11.0,2,3.8461538461538463, -15 -3 -15,mAmyg_L,185,A23c_L,-1
5,-10.0,1,0.44052863436123346, -54 0 -24,A21r_L,185,A23c_L,-1
1,-10.0,1,0.5181347150259067, 39 15 -30,A38m_R,186,A23c_R,-1
1,-10.0,1,0.5154639175257731, 42 15 -30,A38l_R,186,A23c_R,-1
1,-10.0,1,0.33222591362126247, 42 15 -33,A21r_R,186,A23c_R,-1
2,-10.0,2,1.0309278350515463, 36 12 -21,A38l_R,186,A23c_R,-1
3,-11.0,1,1.8518518518518519, 33 15 -18,vIa_R,186,A23c_R,-1
4,-11.0,1,1.8518518518518519, 27 9 -18,vIa_R,186,A23c_R,-1
5,-11.0,2,0.8928571428571429, 27 12 -21,A13_R,186,A23c_R,-1
6,-10.0,3,3.409090909090909, 24 3 -3,vmPu_R,186,A23c_R,-1
7,-10.0,3,8.108108108108109, 18 -6 -30,A28/34_R,186,A23c_R,-1
7,-10.0,4,2.7210884353741496, 21 -3 -30,rHipp_R,186,A23c_R,-1
8,-10.0,1,1.1363636363636365, 21 0 3,vmPu_R,186,A23c_R,-1
9,-12.0,15,8.875739644970414, 12 42 -3,A14m_R,186,A23c_R,-1
9,-11.0,5,5.319148936170213, 6 36 3,A24rv_R,186,A23c_R,-1
9,-10.0,3,1.4423076923076923, 0 36 3,A32sg_L,186,A23c_R,-1
9,-11.0,22,20.37037037037037, 9 39 -3,A32sg_R,186,A23c_R,-1
10,-11.0,4,3.2, 12 12 -9,NAC_R,186,A23c_R,-1
11,-11.0,1,1.0638297872340425, 6 27 15,A24rv_R,186,A23c_R,-1
12,-10.0,2,2.127659574468085, 6 30 12,A24rv_R,186,A23c_R,-1
13,-10.0,1,0.44642857142857145, 3 12 -12,A13_R,186,A23c_R,-1
14,-11.0,1,1.0638297872340425, 3 33 9,A24rv_R,186,A23c_R,-1
15,-10.0,2,0.7352941176470589, 0 12 -9,A13_L,186,A23c_R,-1
16,-12.0,7,2.573529411764706, -9 30 -15,A13_L,186,A23c_R,-1
16,-11.0,6,2.8846153846153846, -6 33 -12,A32sg_L,186,A23c_R,-1
17,-10.0,1,0.7352941176470589, -9 9 -6,vCa_L,186,A23c_R,-1
18,-10.0,1,0.36764705882352944, -9 12 -15,A13_L,186,A23c_R,-1
19,-10.0,4,2.9411764705882355, -12 15 -6,vCa_L,186,A23c_R,-1
19,-10.0,6,6.122448979591836, -12 15 -9,NAC_L,186,A23c_R,-1
20,-11.0,4,2.4390243902439024, -12 48 -6,A14m_L,186,A23c_R,-1
20,-10.0,3,1.4423076923076923, -9 45 -6,A32sg_L,186,A23c_R,-1
21,-10.0,6,2.2058823529411766, -15 0 -12,A13_L,186,A23c_R,-1
21,-11.0,5,5.1020408163265305, -15 6 -12,NAC_L,186,A23c_R,-1
22,-10.0,2,1.2195121951219512, -12 42 -9,A14m_L,186,A23c_R,-1
1,-15.0,64,15.92039800995025, 57 -60 27,A39rv_R,187,A32sg_L,-1
2,-11.0,4,2.0725388601036268, 33 18 -33,A38m_R,187,A32sg_L,-1
3,-10.0,10,3.861003861003861, -6 -60 15,dmPOS_L,187,A32sg_L,-1
3,-13.0,11,3.4375, 9 -57 18,dmPOS_R,187,A32sg_L,-1
3,-15.0,16,6.722689075630252, 0 -60 15,A31_L,187,A32sg_L,-1
3,-15.0,45,17.374517374517374, 3 -57 21,A31_R,187,A32sg_L,-1
3,-13.0,9,5.882352941176471, 0 -54 24,A23d_L,187,A32sg_L,-1
3,-15.0,6,5.607476635514018, 6 -48 24,A23d_R,187,A32sg_L,-1
3,-15.0,8,10.0, 6 -48 18,A23v_R,187,A32sg_L,-1
3,-13.0,2,0.8968609865470852, 0 -63 12,rCunG_R,187,A32sg_L,-1
3,-13.0,13,4.180064308681672, 3 -63 15,vmPOS_R,187,A32sg_L,-1
4,-10.0,1,0.3125, 12 -54 21,dmPOS_R,187,A32sg_L,-1
5,-11.0,1,0.3125, 12 -51 18,dmPOS_R,187,A32sg_L,-1
6,-11.0,7,4.57516339869281, 0 -27 36,A23d_L,187,A32sg_L,-1
6,-11.0,14,13.08411214953271, 6 -30 36,A23d_R,187,A32sg_L,-1
6,-15.0,25,14.367816091954023, 0 -24 39,A23c_L,187,A32sg_L,-1
6,-13.0,31,22.962962962962962, 6 -24 39,A23c_R,187,A32sg_L,-1
7,-10.0,3,1.2820512820512822, -3 -57 -51,Left IX,187,A32sg_L,-1
1,-10.0,2,1.0416666666666667, 63 -42 -3,A21c_R,197,vmPOS_L,-1
1,-10.0,1,0.4291845493562232, 63 -42 0,A37dl_R,197,vmPOS_L,-1
1,-10.0,2,2.0, 60 -42 0,rpSTS_R,197,vmPOS_L,-1
2,-10.0,2,2.0, 54 -39 0,rpSTS_R,197,vmPOS_L,-1
3,-10.0,5,1.6611295681063123, 42 15 -39,A21r_R,197,vmPOS_L,-1
4,-10.0,1,0.33444816053511706, 36 -6 -36,A20rv_R,197,vmPOS_L,-1
5,-10.0,1,0.33444816053511706, 30 -39 -12,A20rv_R,197,vmPOS_L,-1
5,-10.0,1,2.857142857142857, 30 -39 -9,TH_R,197,vmPOS_L,-1
5,-10.0,1,0.49504950495049505, 30 -42 -9,rLinG_R,197,vmPOS_L,-1
6,-10.0,7,3.5, 6 63 -15,A11m_R,197,vmPOS_L,-1
7,-10.0,6,3.35195530726257, -3 54 -21,A11m_L,197,vmPOS_L,-1
8,-10.0,6,2.73972602739726, -30 15 -36,A38m_L,197,vmPOS_L,-1
9,-10.0,4,2.816901408450704, -33 15 -24,A12/47o_L,197,vmPOS_L,-1
9,-10.0,2,0.91324200913242, -36 12 -24,A38m_L,197,vmPOS_L,-1
9,-11.0,1,0.6756756756756757, -36 15 -21,A38l_L,197,vmPOS_L,-1
10,-10.0,1,0.44052863436123346, -51 0 -30,A21r_L,197,vmPOS_L,-1
1,-10.0,2,0.6688963210702341, 33 -39 -15,A20rv_R,198,vmPOS_R,-1
2,-10.0,1,0.33444816053511706, 30 -39 -12,A20rv_R,198,vmPOS_R,-1
1,-11.0,3,1.3888888888888888, 48 -48 -18,A37lv_R,209,lsOccG_L,-1
1,-14.0,40,53.333333333333336, 54 -51 -18,A37elv_R,210,lsOccG_R,-1
1,-11.0,17,15.596330275229358, 57 -54 -12,A37vl_R,210,lsOccG_R,-1
1,-11.0,16,15.841584158415841, 57 -48 -15,A20cl_R,210,lsOccG_R,-1
1,-12.0,5,2.8735632183908044, 54 -42 -18,A20cv_R,210,lsOccG_R,-1
1,-14.0,52,24.074074074074073, 48 -54 -18,A37lv_R,210,lsOccG_R,-1
1,-11.0,8,0.7655502392344498, 45 -57 -24,Right Crus I,210,lsOccG_R,-1
2,-10.0,1,0.9900990099009901, 51 -45 -9,A20cl_R,210,lsOccG_R,-1
3,-11.0,3,1.948051948051948, 21 -72 54,A7c_R,210,lsOccG_R,-1
4,-13.0,3,3.0927835051546393, -51 -60 -18,A37elv_L,210,lsOccG_R,-1
4,-13.0,12,4.878048780487805, -45 -57 -18,A37lv_L,210,lsOccG_R,-1
5,-11.0,1,0.4065040650406504, -45 -51 -12,A37lv_L,210,lsOccG_R,-1
1,-10.0,3,0.9493670886075949, -9 -57 -63,Left VIIIb,222,GP_R,-1
2,-10.0,1,0.29239766081871343, -12 -57 -27,Left V,222,GP_R,-1
2,-12.0,31,4.668674698795181, -18 -63 -30,Left VI,222,GP_R,-1
1,-10.0,1,0.3003003003003003, 51 -48 33,A40c_R,226,vmPu_R,-1
2,-10.0,1,1.0526315789473684, 45 15 24,A44d_R,226,vmPu_R,-1
3,-10.0,1,1.694915254237288, 12 -18 3,mPMtha_R,226,vmPu_R,-1
3,-10.0,2,3.5714285714285716, 12 -21 3,Stha_R,226,vmPu_R,-1
3,-10.0,1,1.3888888888888888, 12 -18 6,lPFtha_R,226,vmPu_R,-1
4,-10.0,2,0.8298755186721992, 12 21 30,A9m_R,226,vmPu_R,-1
4,-11.0,17,15.454545454545455, 6 18 33,A32p_R,226,vmPu_R,-1
5,-10.0,1,0.7352941176470589, 9 -36 48,A1/2/3ll_R,226,vmPu_R,-1
5,-11.0,3,1.9607843137254901, -3 -33 42,A23d_L,226,vmPu_R,-1
5,-10.0,3,2.803738317757009, 3 -33 42,A23d_R,226,vmPu_R,-1
5,-11.0,28,16.091954022988507, -6 -33 42,A23c_L,226,vmPu_R,-1
5,-11.0,16,11.851851851851851, 6 -36 45,A23c_R,226,vmPu_R,-1
6,-10.0,1,0.9345794392523364, 3 -33 24,A23d_R,226,vmPu_R,-1
7,-10.0,1,0.8695652173913043, 0 -3 39,A24cd_L,226,vmPu_R,-1
8,-10.0,1,0.29239766081871343, -6 -60 -24,Left V,226,vmPu_R,-1
8,-11.0,1,0.15060240963855423, -6 -60 -27,Left VI,226,vmPu_R,-1
8,-11.0,1,0.7142857142857143, -3 -60 -27,Vermis VI,226,vmPu_R,-1
9,-11.0,9,1.355421686746988, -15 -60 -27,Left VI,226,vmPu_R,-1
10,-10.0,1,0.42735042735042733, -15 -54 -39,Left IX,226,vmPu_R,-1
11,-12.0,1,0.15060240963855423, -21 -63 -33,Left VI,226,vmPu_R,-1
12,-11.0,1,1.0204081632653061, -30 -18 -3,NAC_L,226,vmPu_R,-1
12,-11.0,3,1.8072289156626506, -27 -18 0,dlPu_L,226,vmPu_R,-1
1,-10.0,1,0.28735632183908044, 36 -60 -54,Right VIIb,242,Otha_R,-1
2,-10.0,1,0.7575757575757576, 33 39 -6,A12/47o_R,242,Otha_R,-1
3,-10.0,2,0.6211180124223602, 15 -39 -51,Right VIIIb,242,Otha_R,-1
4,-10.0,4,3.2, 12 6 -12,NAC_R,242,Otha_R,-1
5,-10.0,3,3.1914893617021276, 6 15 0,vCa_R,242,Otha_R,-1
6,-10.0,1,1.694915254237288, 3 -9 -6,mPMtha_R,242,Otha_R,-1
7,-10.0,2,4.3478260869565215, 3 -6 -3,rTtha_R,242,Otha_R,-1
8,-10.0,1,0.42735042735042733, -3 -48 -48,Left IX,242,Otha_R,-1
9,-10.0,1,0.36764705882352944, -15 0 -12,A13_L,242,Otha_R,-1
9,-10.0,2,2.0408163265306123, -12 0 -9,NAC_L,242,Otha_R,-1
1,6.0,9,2.848101265822785, 42 -45 48,A40rd_R,3,A8dl_L,1
1,6.0,13,3.903903903903904, 48 -45 51,A40c_R,3,A8dl_L,1
2,6.0,4,1.8433179723502304, 51 0 36,A6cvl_R,3,A8dl_L,1
3,6.0,1,0.33444816053511706, 36 -30 -30,A20rv_R,3,A8dl_L,1
4,6.0,1,0.28653295128939826, -12 -72 -48,Left VIIb,3,A8dl_L,1
5,6.0,11,3.4375, -18 -66 -60,Left VIIIa,3,A8dl_L,1
1,6.0,4,1.0416666666666667, 57 -36 36,A40rv_R,4,A8dl_R,1
2,6.0,1,0.4608294930875576, 51 0 36,A6cvl_R,4,A8dl_R,1
3,6.0,2,0.6514657980456026, -54 -36 36,A40rd_L,4,A8dl_R,1
3,8.0,2,0.6309148264984227, -54 -39 36,A40c_L,4,A8dl_R,1
3,7.0,2,0.6042296072507553, -51 -39 33,A40rv_L,4,A8dl_R,1
1,6.0,2,1.4598540145985401, -36 -42 51,A5l_L,12,A9m_R,1
1,6.0,1,0.36764705882352944, 21 -90 -6,iOccG_R,13,A10m_L,1
1,6.0,1,0.4048582995951417, 48 -72 -12,V5/MT+_R,14,A10m_R,1
1,7.0,3,1.1029411764705883, 45 -75 -15,iOccG_R,14,A10m_R,1
2,6.0,4,1.6194331983805668, 42 -63 -3,V5/MT+_R,14,A10m_R,1
3,6.0,4,1.6194331983805668, 39 -66 -3,V5/MT+_R,14,A10m_R,1
4,11.0,20,7.246376811594203, 36 42 12,A9/46v_R,14,A10m_R,1
4,6.0,2,2.1739130434782608, 39 36 12,IFS_R,14,A10m_R,1
5,6.0,4,1.4705882352941178, 24 -90 -9,iOccG_R,14,A10m_R,1
6,9.0,1,0.4854368932038835, 18 24 9,dCa_R,14,A10m_R,1
7,6.0,1,0.30959752321981426, 15 60 9,A10l_R,14,A10m_R,1
8,7.0,1,0.15060240963855423, -6 -69 -21,Left VI,14,A10m_R,1
8,7.0,1,0.7142857142857143, -3 -69 -21,Vermis VI,14,A10m_R,1
9,6.0,5,1.4326647564469914, -9 -72 -48,Left VIIb,14,A10m_R,1
10,6.0,1,0.28653295128939826, -12 -72 -54,Left VIIb,14,A10m_R,1
11,6.0,1,0.28653295128939826, -18 -72 -48,Left VIIb,14,A10m_R,1
12,7.0,1,0.6329113924050633, -18 24 9,dCa_L,14,A10m_R,1
13,9.0,2,1.4598540145985401, -30 -48 36,A5l_L,14,A10m_R,1
13,8.0,1,0.4032258064516129, -36 -48 36,A39rd_L,14,A10m_R,1
14,7.0,5,1.5625, -33 -45 -54,Left VIIIa,14,A10m_R,1
15,8.0,2,1.4388489208633093, -30 33 6,A44op_L,14,A10m_R,1
15,7.0,1,0.5847953216374269, -30 33 3,A12/47l_L,14,A10m_R,1
16,10.0,30,9.584664536741213, -39 42 9,A9/46v_L,14,A10m_R,1
16,7.0,3,2.6785714285714284, -42 39 9,IFS_L,14,A10m_R,1
1,8.0,1,0.45045045045045046, 21 12 45,A8dl_R,18,IFJ_R,1
1,10.0,7,3.626943005181347, 21 -84 27,msOccG_R,42,A14m_R,1
2,6.0,1,1.0416666666666667, 18 -39 -42,Right X,42,A14m_R,1
3,7.0,1,1.0416666666666667, 15 -36 -42,Right X,42,A14m_R,1
4,6.0,1,0.5319148936170213, -21 -81 18,msOccG_L,42,A14m_R,1
4,6.0,4,2.380952380952381, -24 -84 15,lsOccG_L,42,A14m_R,1
1,7.0,2,0.7246376811594203, 48 51 3,A9/46v_R,43,A12/47o_L,1
2,6.0,1,0.5952380952380952, 36 18 9,A44op_R,43,A12/47o_L,1
2,6.0,13,22.413793103448278, 36 18 6,dIa_R,43,A12/47o_L,1
3,6.0,2,0.6688963210702341, 24 -6 -45,A20rv_R,43,A12/47o_L,1
4,6.0,2,0.7380073800738007, -33 39 -15,A11l_L,43,A12/47o_L,1
1,6.0,2,2.6666666666666665, 54 -45 -18,A37elv_R,47,A11m_L,1
1,8.0,1,0.9900990099009901, 51 -42 -15,A20cl_R,47,A11m_L,1
1,8.0,1,0.5747126436781609, 51 -42 -18,A20cv_R,47,A11m_L,1
2,8.0,3,0.9493670886075949, -27 -39 -57,Left VIIIb,47,A11m_L,1
3,10.0,1,0.1303780964797914, -45 -39 -48,Left Crus II,47,A11m_L,1
1,7.0,2,2.6666666666666665, 54 -45 -18,A37elv_R,48,A11m_R,1
1,11.0,1,0.9900990099009901, 51 -42 -15,A20cl_R,48,A11m_R,1
1,9.0,5,2.8735632183908044, 51 -42 -18,A20cv_R,48,A11m_R,1
1,9.0,12,5.555555555555555, 48 -42 -18,A37lv_R,48,A11m_R,1
2,6.0,1,0.09569377990430622, 51 -42 -33,Right Crus I,48,A11m_R,1
3,6.0,1,0.09569377990430622, 48 -45 -33,Right Crus I,48,A11m_R,1
4,7.0,1,0.09569377990430622, 48 -42 -30,Right Crus I,48,A11m_R,1
5,6.0,1,0.5747126436781609, 45 -36 -27,A20cv_R,48,A11m_R,1
5,6.0,1,0.46296296296296297, 42 -36 -27,A37lv_R,48,A11m_R,1
6,6.0,1,0.2824858757062147, 39 -39 -51,Right VIIIa,48,A11m_R,1
7,6.0,6,3.8461538461538463, 36 24 -9,A12/47l_R,48,A11m_R,1
7,10.0,8,14.814814814814815, 33 18 -6,vIa_R,48,A11m_R,1
7,8.0,12,20.689655172413794, 36 18 -3,dIa_R,48,A11m_R,1
7,7.0,2,2.380952380952381, 36 12 -3,dId_R,48,A11m_R,1
8,6.0,1,0.36231884057971014, 36 42 6,A9/46v_R,48,A11m_R,1
9,11.0,1,0.6211180124223602, 33 9 -3,dlPu_R,48,A11m_R,1
10,11.0,2,1.2422360248447204, 30 12 -3,dlPu_R,48,A11m_R,1
11,8.0,1,1.1363636363636365, 27 15 -3,vmPu_R,48,A11m_R,1
11,10.0,2,1.2422360248447204, 27 15 0,dlPu_R,48,A11m_R,1
12,12.0,21,6.501547987616099, 21 57 -12,A10l_R,48,A11m_R,1
12,10.0,18,5.2631578947368425, 21 48 -15,A11l_R,48,A11m_R,1
13,7.0,5,1.4619883040935673, 21 33 -12,A11l_R,48,A11m_R,1
14,7.0,1,0.9900990099009901, -21 -27 -42,Left X,48,A11m_R,1
15,6.0,6,1.875, -30 -39 -54,Left VIIIa,48,A11m_R,1
15,10.0,6,1.8987341772151898, -33 -42 -57,Left VIIIb,48,A11m_R,1
16,7.0,1,0.3125, -39 -42 -51,Left VIIIa,48,A11m_R,1
17,6.0,1,0.3194888178913738, -42 45 15,A9/46v_L,48,A11m_R,1
1,8.0,2,0.7722007722007722, 12 -39 36,A31_R,65,A1/2/3ll_L,1
1,6.0,4,1.2422360248447204, 15 -39 -60,Right VIIIb,69,A38m_L,1
2,7.0,1,0.3105590062111801, 15 -36 -54,Right VIIIb,69,A38m_L,1
2,6.0,3,3.125, 18 -36 -54,Right X,69,A38m_L,1
1,6.0,2,1.2048192771084338, 18 -36 9,cHipp_R,72,A41/42_R,1
1,6.0,1,2.1739130434782608, 12 -33 9,rTtha_R,72,A41/42_R,1
1,6.0,7,14.893617021276595, 15 -33 6,Otha_R,72,A41/42_R,1
2,6.0,1,2.1739130434782608, 9 -30 12,rTtha_R,72,A41/42_R,1
1,9.0,11,8.088235294117647, 60 0 6,A4tl_R,81,A21c_L,1
1,8.0,10,4.464285714285714, 60 3 0,TE1.0/TE1.2_R,81,A21c_L,1
1,6.0,1,0.6060606060606061, 63 3 -3,A22c_R,81,A21c_L,1
1,6.0,1,0.6024096385542169, 57 -3 6,A1/2/3tonIa_R,81,A21c_L,1
2,6.0,2,3.5714285714285716, 48 -33 -15,A20iv_R,81,A21c_L,1
2,6.0,1,0.5747126436781609, 48 -36 -15,A20cv_R,81,A21c_L,1
2,6.0,1,0.33444816053511706, 42 -33 -15,A20rv_R,81,A21c_L,1
2,6.0,3,1.3888888888888888, 48 -39 -15,A37lv_R,81,A21c_L,1
3,8.0,2,0.7936507936507936, 42 -6 63,A6cdl_R,81,A21c_L,1
4,6.0,5,1.4124293785310735, 30 -57 -60,Right VIIIa,81,A21c_L,1
5,8.0,2,0.5649717514124294, 30 -39 -48,Right VIIIa,81,A21c_L,1
5,7.0,2,2.0833333333333335, 30 -36 -48,Right X,81,A21c_L,1
6,6.0,2,0.5649717514124294, 27 -66 -63,Right VIIIa,81,A21c_L,1
7,6.0,1,0.2824858757062147, 24 -57 -51,Right VIIIa,81,A21c_L,1
7,6.0,1,0.3105590062111801, 24 -54 -51,Right VIIIb,81,A21c_L,1
8,6.0,1,0.3105590062111801, 21 -57 -54,Right VIIIb,81,A21c_L,1
9,6.0,3,0.8620689655172413, 6 -78 -51,Right VIIb,81,A21c_L,1
10,7.0,1,0.6134969325153374, -12 -6 -21,rHipp_L,81,A21c_L,1
11,9.0,21,6.017191977077364, -36 -60 -57,Left VIIb,81,A21c_L,1
11,8.0,51,15.9375, -27 -60 -60,Left VIIIa,81,A21c_L,1
12,6.0,1,0.3125, -15 -63 -60,Left VIIIa,81,A21c_L,1
13,6.0,2,3.7735849056603774, -15 -21 3,Stha_L,81,A21c_L,1
14,6.0,4,3.9603960396039604, -21 -27 -42,Left X,81,A21c_L,1
15,6.0,1,0.3125, -27 -45 -51,Left VIIIa,81,A21c_L,1
16,9.0,2,0.30120481927710846, -33 -45 -39,Left VI,81,A21c_L,1
16,11.0,2,0.20161290322580644, -36 -45 -39,Left Crus I,81,A21c_L,1
16,10.0,4,0.5215123859191656, -36 -45 -42,Left Crus II,81,A21c_L,1
16,9.0,1,0.28653295128939826, -33 -42 -42,Left VIIb,81,A21c_L,1
17,7.0,5,1.4326647564469914, -39 -45 -51,Left VIIb,81,A21c_L,1
17,7.0,5,1.5625, -36 -45 -51,Left VIIIa,81,A21c_L,1
18,6.0,1,0.10080645161290322, -45 -60 -30,Left Crus I,81,A21c_L,1
1,6.0,1,0.33444816053511706, 39 -9 -24,A20rv_R,83,A21r_L,1
2,6.0,2,1.2195121951219512, 39 0 60,A6vl_R,83,A21r_L,1
3,6.0,1,0.5952380952380952, 36 18 12,A44op_R,83,A21r_L,1
4,6.0,2,0.5847953216374269, 24 36 -9,A11l_R,83,A21r_L,1
5,8.0,5,1.4619883040935673, 21 36 -12,A11l_R,83,A21r_L,1
6,8.0,3,3.0927835051546393, 18 -3 -6,GP_R,83,A21r_L,1
6,7.0,2,2.272727272727273, 15 0 -6,vmPu_R,83,A21r_L,1
7,8.0,4,1.941747572815534, 18 27 3,dCa_R,83,A21r_L,1
8,8.0,11,11.702127659574469, 12 21 0,vCa_R,83,A21r_L,1
8,8.0,4,3.2, 9 21 -3,NAC_R,83,A21r_L,1
8,7.0,1,0.4854368932038835, 12 24 3,dCa_R,83,A21r_L,1
9,8.0,13,5.579399141630901, 9 6 54,A8m_R,83,A21r_L,1
9,7.0,8,3.9800995024875623, 3 0 60,A6m_R,83,A21r_L,1
10,7.0,1,1.694915254237288, 6 -6 -3,mPMtha_R,83,A21r_L,1
11,7.0,2,3.389830508474576, 3 -9 -6,mPMtha_R,83,A21r_L,1
12,6.0,2,1.8181818181818181, -3 -9 -6,lPFtha_L,83,A21r_L,1
13,7.0,2,0.9615384615384616, -3 18 -3,A32sg_L,83,A21r_L,1
14,8.0,4,7.6923076923076925, -21 -6 -15,mAmyg_L,83,A21r_L,1
14,11.0,1,3.5714285714285716, -21 -6 -12,lAmyg_L,83,A21r_L,1
14,6.0,4,2.4539877300613497, -21 -12 -15,rHipp_L,83,A21r_L,1
14,7.0,4,4.166666666666667, -18 -6 -6,GP_L,83,A21r_L,1
14,12.0,3,3.061224489795918, -21 -6 -9,NAC_L,83,A21r_L,1
15,7.0,4,2.5316455696202533, -18 -3 24,dCa_L,83,A21r_L,1
16,8.0,4,1.4705882352941178, -21 9 -18,A13_L,83,A21r_L,1
17,7.0,10,9.70873786407767, -21 15 -3,vmPu_L,83,A21r_L,1
18,6.0,2,0.6329113924050633, -24 -39 -57,Left VIIIb,83,A21r_L,1
19,6.0,4,1.4705882352941178, -24 6 -18,A13_L,83,A21r_L,1
19,6.0,2,3.8461538461538463, -24 3 -18,mAmyg_L,83,A21r_L,1
20,6.0,1,1.0204081632653061, -24 9 -12,NAC_L,83,A21r_L,1
21,8.0,1,1.0416666666666667, -24 9 12,GP_L,83,A21r_L,1
22,6.0,1,0.3125, -30 -36 -51,Left VIIIa,83,A21r_L,1
23,8.0,1,0.3663003663003663, -36 -6 -30,A20rv_L,83,A21r_L,1
1,8.0,4,1.7857142857142858, 24 9 -18,A13_R,84,A21r_R,1
2,7.0,3,3.409090909090909, 24 18 0,vmPu_R,84,A21r_R,1
3,7.0,3,0.8771929824561403, 24 36 -12,A11l_R,84,A21r_R,1
4,9.0,2,0.970873786407767, 18 27 3,dCa_R,84,A21r_R,1
5,6.0,1,1.0416666666666667, 15 -33 -51,Right X,84,A21r_R,1
6,7.0,1,0.31545741324921134, 15 -27 -24,Right I-IV,84,A21r_R,1
7,7.0,2,2.0618556701030926, 15 -3 -6,GP_R,84,A21r_R,1
8,6.0,2,0.6211180124223602, 12 -36 -54,Right VIIIb,84,A21r_R,1
9,6.0,8,3.4334763948497855, 9 6 57,A8m_R,84,A21r_R,1
10,6.0,1,0.9090909090909091, -3 -9 -6,lPFtha_L,84,A21r_R,1
11,6.0,1,1.0204081632653061, -21 12 -12,NAC_L,84,A21r_R,1
12,6.0,4,3.883495145631068, -24 15 -6,vmPu_L,84,A21r_R,1
13,6.0,5,1.4326647564469914, -36 -57 -54,Left VIIb,84,A21r_R,1
13,6.0,1,0.3125, -33 -54 -48,Left VIIIa,84,A21r_R,1
14,6.0,1,0.28653295128939826, -36 -60 -57,Left VIIb,84,A21r_R,1
1,6.0,1,1.4285714285714286, 9 -27 6,PPtha_R,86,A37dl_R,1
1,7.0,1,2.127659574468085, 9 -30 6,Otha_R,86,A37dl_R,1
1,7.0,1,0.2824858757062147, 30 -39 -48,Right VIIIa,87,aSTS_L,1
1,7.0,4,1.2422360248447204, 30 -39 -51,Right VIIIb,87,aSTS_L,1
1,6.0,2,2.0833333333333335, 30 -36 -48,Right X,87,aSTS_L,1
2,6.0,2,0.2607561929595828, -12 -72 -36,Left Crus II,87,aSTS_L,1
3,7.0,4,1.25, -30 -42 -48,Left VIIIa,87,aSTS_L,1
3,6.0,2,0.6329113924050633, -24 -39 -48,Left VIIIb,87,aSTS_L,1
4,6.0,1,0.5813953488372093, -33 -39 -3,cHipp_L,87,aSTS_L,1
5,7.0,3,1.744186046511628, -33 -33 -6,cHipp_L,87,aSTS_L,1
6,6.0,3,0.8595988538681948, -36 -57 -54,Left VIIb,87,aSTS_L,1
7,6.0,2,1.1627906976744187, -36 -33 -9,cHipp_L,87,aSTS_L,1
8,6.0,1,0.28653295128939826, -39 -60 -51,Left VIIb,87,aSTS_L,1
9,6.0,2,0.5730659025787965, -39 -45 -48,Left VIIb,87,aSTS_L,1
1,6.0,1,0.6802721088435374, 30 -48 42,A7ip_R,88,aSTS_R,1
2,6.0,1,1.0309278350515463, 15 -3 -6,GP_R,88,aSTS_R,1
3,6.0,2,4.3478260869565215, 3 0 3,rTtha_R,88,aSTS_R,1
4,6.0,1,0.15060240963855423, -6 -78 -24,Left VI,88,aSTS_R,1
5,6.0,1,0.3125, -30 -39 -45,Left VIIIa,88,aSTS_R,1
5,8.0,9,2.848101265822785, -24 -42 -51,Left VIIIb,88,aSTS_R,1
5,9.0,5,4.9504950495049505, -21 -36 -48,Left X,88,aSTS_R,1
1,6.0,2,0.30120481927710846, -36 -39 -33,Left VI,89,A20iv_L,1
1,6.0,2,0.20161290322580644, -42 -39 -36,Left Crus I,89,A20iv_L,1
1,6.0,4,0.3827751196172249, 36 -78 -36,Right Crus I,92,A37elv_R,1
1,6.0,2,0.2751031636863824, 36 -78 -39,Right Crus II,92,A37elv_R,1
2,6.0,2,0.970873786407767, 15 24 3,dCa_R,92,A37elv_R,1
1,6.0,2,0.30120481927710846, -39 -36 -36,Left VI,95,A20il_L,1
1,6.0,1,0.10080645161290322, -42 -39 -36,Left Crus I,95,A20il_L,1
1,14.0,3,0.45180722891566266, -42 -36 -36,Left VI,101,A20cv_L,1
1,13.0,6,0.6048387096774194, -42 -39 -36,Left Crus I,101,A20cv_L,1
1,6.0,2,1.1494252873563218, 57 -45 -27,A20cv_R,102,A20cv_R,1
1,8.0,14,1.3397129186602872, 54 -48 -33,Right Crus I,102,A20cv_R,1
1,6.0,3,0.28708133971291866, 51 -69 -39,Right Crus I,107,A37lv_L,1
2,6.0,1,0.09569377990430622, 51 -72 -36,Right Crus I,107,A37lv_L,1
3,8.0,4,4.25531914893617, 12 24 0,vCa_R,107,A37lv_L,1
3,7.0,9,4.368932038834951, 18 24 3,dCa_R,107,A37lv_L,1
4,7.0,1,0.31545741324921134, 3 -45 -30,Right I-IV,107,A37lv_L,1
4,6.0,1,3.225806451612903, 0 -45 -30,Vermis X,107,A37lv_L,1
5,6.0,1,0.1303780964797914, -24 -78 -42,Left Crus II,107,A37lv_L,1
6,6.0,1,0.1303780964797914, -27 -75 -42,Left Crus II,107,A37lv_L,1
7,6.0,1,0.1303780964797914, -30 -72 -42,Left Crus II,107,A37lv_L,1
8,6.0,1,0.5813953488372093, -33 -33 -6,cHipp_L,107,A37lv_L,1
9,6.0,1,0.3663003663003663, -36 -36 -12,A20rv_L,107,A37lv_L,1
9,14.0,6,3.488372093023256, -39 -33 -12,cHipp_L,107,A37lv_L,1
10,11.0,1,1.0869565217391304, -45 -30 -15,A20iv_L,107,A37lv_L,1
10,12.0,2,0.7326007326007326, -42 -30 -15,A20rv_L,107,A37lv_L,1
10,8.0,16,6.504065040650406, -39 -36 -18,A37lv_L,107,A37lv_L,1
1,6.0,2,0.2751031636863824, 45 -78 -45,Right Crus II,108,A37lv_R,1
2,7.0,14,1.9257221458046767, 36 -84 -42,Right Crus II,108,A37lv_R,1
3,6.0,2,0.2751031636863824, 27 -75 -39,Right Crus II,108,A37lv_R,1
4,6.0,3,3.1914893617021276, 12 24 0,vCa_R,108,A37lv_R,1
4,10.0,12,5.825242718446602, 18 24 3,dCa_R,108,A37lv_R,1
5,6.0,5,1.7857142857142858, 9 63 27,A9l_R,108,A37lv_R,1
5,8.0,5,2.0242914979757085, 9 66 21,A10m_R,108,A37lv_R,1
6,7.0,2,4.3478260869565215, 3 -6 -3,rTtha_R,108,A37lv_R,1
7,7.0,2,1.9801980198019802, -18 -27 -45,Left X,108,A37lv_R,1
8,6.0,3,1.8987341772151898, -18 12 18,dCa_L,108,A37lv_R,1
9,7.0,1,0.6329113924050633, -18 18 15,dCa_L,108,A37lv_R,1
10,6.0,5,0.5040322580645161, -33 -81 -36,Left Crus I,108,A37lv_R,1
10,6.0,12,1.5645371577574967, -36 -81 -39,Left Crus II,108,A37lv_R,1
11,6.0,1,0.1303780964797914, -27 -90 -42,Left Crus II,108,A37lv_R,1
1,6.0,1,0.6329113924050633, -15 0 24,dCa_L,110,A35/36r_R,1
2,7.0,2,1.2658227848101267, -18 -6 27,dCa_L,110,A35/36r_R,1
1,7.0,4,1.941747572815534, 18 27 3,dCa_R,113,TL_L,1
2,6.0,5,2.1459227467811157, -27 48 3,A46_L,113,TL_L,1
1,6.0,6,1.8633540372670807, 27 -39 -54,Right VIIIb,121,rpSTS_L,1
1,8.0,2,2.0833333333333335, 27 -36 -48,Right X,121,rpSTS_L,1
2,6.0,1,0.4484304932735426, 24 -69 51,lsOccG_R,121,rpSTS_L,1
3,7.0,1,1.7857142857142858, -3 -15 9,mPFtha_L,121,rpSTS_L,1
3,6.0,7,12.280701754385966, 3 -12 6,mPFtha_R,121,rpSTS_L,1
3,9.0,3,4.6875, -3 -12 9,rTtha_L,121,rpSTS_L,1
3,11.0,6,13.043478260869565, 0 -12 9,rTtha_R,121,rpSTS_L,1
3,7.0,2,4.25531914893617, 6 -12 12,Otha_R,121,rpSTS_L,1
3,10.0,2,3.9215686274509802, 3 -12 12,cTtha_R,121,rpSTS_L,1
3,6.0,1,1.3888888888888888, 9 -12 9,lPFtha_R,121,rpSTS_L,1
4,7.0,3,5.2631578947368425, 6 -24 6,mPFtha_R,121,rpSTS_L,1
4,6.0,1,2.127659574468085, 6 -27 6,Otha_R,121,rpSTS_L,1
5,7.0,1,1.7543859649122806, 6 -6 6,mPFtha_R,121,rpSTS_L,1
6,6.0,1,2.1739130434782608, 0 -6 6,rTtha_R,121,rpSTS_L,1
7,7.0,3,0.3024193548387097, -21 -75 -30,Left Crus I,121,rpSTS_L,1
8,6.0,1,0.9900990099009901, -24 -36 -48,Left X,121,rpSTS_L,1
9,9.0,2,0.6329113924050633, -27 -39 -51,Left VIIIb,121,rpSTS_L,1
10,8.0,2,0.625, -30 -66 -63,Left VIIIa,121,rpSTS_L,1
11,6.0,1,0.1303780964797914, -30 -57 -39,Left Crus II,121,rpSTS_L,1
11,6.0,1,0.28653295128939826, -30 -57 -42,Left VIIb,121,rpSTS_L,1
12,6.0,1,0.15060240963855423, -33 -48 -39,Left VI,121,rpSTS_L,1
12,6.0,6,0.6048387096774194, -33 -54 -39,Left Crus I,121,rpSTS_L,1
12,6.0,7,0.9126466753585397, -36 -54 -42,Left Crus II,121,rpSTS_L,1
12,6.0,1,0.28653295128939826, -36 -48 -45,Left VIIb,121,rpSTS_L,1
12,6.0,2,0.625, -33 -48 -45,Left VIIIa,121,rpSTS_L,1
13,7.0,1,0.1303780964797914, -45 -60 -60,Left Crus II,121,rpSTS_L,1
1,6.0,1,1.36986301369863, -9 -36 3,Otha_L,122,rpSTS_R,1
2,7.0,1,1.5384615384615385, -9 -33 6,cTtha_L,122,rpSTS_R,1
1,6.0,1,0.8, -48 -6 -30,A20il_L,126,A7r_R,1
1,7.0,2,1.2048192771084338, 24 -39 6,cHipp_R,129,A5l_L,1
2,10.0,2,2.5, 15 -48 9,A23v_R,129,A5l_L,1
1,6.0,28,10.81081081081081, -12 -60 18,dmPOS_L,142,A40c_R,1
1,6.0,1,0.42016806722689076, -9 -60 24,A31_L,142,A40c_R,1
1,6.0,12,11.881188118811881, -9 -51 9,A23v_L,142,A40c_R,1
2,6.0,1,0.9900990099009901, -12 -45 3,A23v_L,142,A40c_R,1
1,6.0,18,5.405405405405405, 54 -42 39,A40c_R,151,dmPOS_L,1
2,6.0,2,1.9801980198019802, 0 -36 54,A1/2/3ll_L,151,dmPOS_L,1
2,6.0,4,2.9411764705882355, 3 -36 51,A1/2/3ll_R,151,dmPOS_L,1
2,6.0,2,1.092896174863388, 3 -39 51,A5m_R,151,dmPOS_L,1
3,6.0,1,0.3257328990228013, -51 -45 48,A40rd_L,151,dmPOS_L,1
3,6.0,2,0.6309148264984227, -54 -45 45,A40c_L,151,dmPOS_L,1
1,6.0,7,2.2151898734177213, 42 -48 48,A40rd_R,153,A31_L,1
1,6.0,63,18.91891891891892, 51 -45 42,A40c_R,153,A31_L,1
1,6.0,1,0.2604166666666667, 54 -36 39,A40rv_R,153,A31_L,1
2,6.0,4,2.7210884353741496, 30 -54 42,A7ip_R,153,A31_L,1
2,6.0,3,1.0869565217391304, 33 -54 39,A39rd_R,153,A31_L,1
3,6.0,8,4.2105263157894735, 18 -90 6,cCunG_R,153,A31_L,1
3,6.0,1,0.3389830508474576, 21 -93 9,OPC_R,153,A31_L,1
4,6.0,1,0.7352941176470589, 15 -39 57,A1/2/3ll_R,153,A31_L,1
5,6.0,3,2.18978102189781, -12 -69 45,A7c_L,153,A31_L,1
5,6.0,3,1.1583011583011582, -15 -69 42,dmPOS_L,153,A31_L,1
6,6.0,1,0.42016806722689076, -12 -42 39,A31_L,153,A31_L,1
7,6.0,1,0.7299270072992701, -27 -63 45,A7c_L,153,A31_L,1
8,6.0,6,4.37956204379562, -36 -48 48,A5l_L,153,A31_L,1
8,6.0,2,0.8064516129032258, -39 -51 48,A39rd_L,153,A31_L,1
8,6.0,2,0.6514657980456026, -42 -45 48,A40rd_L,153,A31_L,1
9,6.0,4,1.3029315960912051, -51 -45 48,A40rd_L,153,A31_L,1
9,6.0,2,0.6309148264984227, -51 -45 45,A40c_L,153,A31_L,1
1,6.0,1,2.1739130434782608, 9 -27 15,rTtha_R,157,A1/2/3tonIa_L,1
2,6.0,1,1.5384615384615385, -18 -24 18,cTtha_L,157,A1/2/3tonIa_L,1
1,8.0,1,2.1739130434782608, 9 -27 15,rTtha_R,172,dIg_R,1
1,6.0,1,0.3003003003003003, 48 -42 48,A40c_R,175,A23d_L,1
2,6.0,1,0.7692307692307693, 15 -30 60,A4t_R,175,A23d_L,1
1,6.0,8,5.063291139240507, -15 9 21,dCa_L,177,A24rv_L,1
1,7.0,2,1.4705882352941178, -6 18 3,vCa_L,178,A24rv_R,1
2,6.0,1,0.7352941176470589, -12 21 6,vCa_L,178,A24rv_R,1
3,7.0,1,0.6329113924050633, -18 15 18,dCa_L,178,A24rv_R,1
1,6.0,1,0.4219409282700422, 33 -78 9,mOccG_R,179,A32p_L,1
2,6.0,1,0.3389830508474576, 24 -93 -3,OPC_R,179,A32p_L,1
3,6.0,1,0.6329113924050633, -18 15 18,dCa_L,179,A32p_L,1
4,7.0,9,3.202846975088968, -24 -96 -3,OPC_L,179,A32p_L,1
5,7.0,2,0.847457627118644, -24 -93 12,mOccG_L,179,A32p_L,1
1,6.0,4,2.5316455696202533, -18 12 18,dCa_L,180,A32p_R,1
1,6.0,17,5.105105105105105, 66 -45 24,A40c_R,181,A23v_L,1
1,6.0,2,0.4975124378109453, 63 -42 21,A39rv_R,181,A23v_L,1
2,6.0,2,0.6006006006006006, 51 -42 42,A40c_R,181,A23v_L,1
3,6.0,4,1.2658227848101267, 42 -48 45,A40rd_R,181,A23v_L,1
3,6.0,6,1.8018018018018018, 45 -48 45,A40c_R,181,A23v_L,1
4,6.0,2,0.19138755980861244, 48 -42 -36,Right Crus I,181,A23v_L,1
5,6.0,8,1.1004126547455295, 30 -63 -42,Right Crus II,181,A23v_L,1
5,6.0,3,0.8620689655172413, 27 -63 -45,Right VIIb,181,A23v_L,1
5,7.0,3,0.847457627118644, 27 -60 -45,Right VIIIa,181,A23v_L,1
6,6.0,4,0.6024096385542169, -6 -69 -24,Left VI,181,A23v_L,1
7,6.0,1,0.3125, -24 -66 -63,Left VIIIa,181,A23v_L,1
1,6.0,6,1.8018018018018018, 66 -45 24,A40c_R,182,A23v_R,1
2,6.0,2,0.6006006006006006, 51 -42 48,A40c_R,182,A23v_R,1
3,6.0,1,0.2604166666666667, 51 -33 30,A40rv_R,182,A23v_R,1
4,6.0,2,0.6329113924050633, 42 -45 45,A40rd_R,182,A23v_R,1
4,6.0,4,1.2012012012012012, 45 -45 48,A40c_R,182,A23v_R,1
5,6.0,1,0.5952380952380952, 39 15 12,A44op_R,182,A23v_R,1
6,6.0,2,0.2751031636863824, 27 -63 -42,Right Crus II,182,A23v_R,1
6,6.0,3,0.8620689655172413, 27 -63 -45,Right VIIb,182,A23v_R,1
6,6.0,4,1.1299435028248588, 27 -60 -48,Right VIIIa,182,A23v_R,1
7,6.0,1,0.6802721088435374, 21 -54 51,A7ip_R,182,A23v_R,1
1,6.0,1,0.5154639175257731, -24 -3 48,A6vl_L,185,A23c_L,1
1,7.0,1,2.127659574468085, 18 -33 9,Otha_R,186,A23c_R,1
1,8.0,5,1.597444089456869, -27 -81 15,A39c_L,187,A32sg_L,1
1,8.0,2,1.0638297872340425, -21 -84 18,msOccG_L,187,A32sg_L,1
1,8.0,6,3.5714285714285716, -24 -84 15,lsOccG_L,187,A32sg_L,1
1,6.0,1,0.6329113924050633, -18 24 9,dCa_L,188,A32sg_R,1
1,6.0,3,0.4126547455295736, 36 -54 -42,Right Crus II,197,vmPOS_L,1
1,6.0,4,1.1494252873563218, 39 -54 -48,Right VIIb,197,vmPOS_L,1
2,6.0,6,1.9169329073482428, -30 -81 24,A39c_L,197,vmPOS_L,1
3,6.0,1,0.10080645161290322, -39 -69 -30,Left Crus I,197,vmPOS_L,1
1,6.0,1,0.09569377990430622, 45 -69 -27,Right Crus I,198,vmPOS_R,1
2,6.0,1,0.1375515818431912, 39 -54 -45,Right Crus II,198,vmPOS_R,1
2,6.0,1,0.28735632183908044, 36 -54 -45,Right VIIb,198,vmPOS_R,1
3,6.0,2,1.3605442176870748, 24 -54 51,A7ip_R,198,vmPOS_R,1
4,6.0,1,0.7142857142857143, -3 -81 -18,Vermis VI,198,vmPOS_R,1
5,6.0,15,2.2590361445783134, -9 -72 -24,Left VI,198,vmPOS_R,1
6,6.0,4,1.4234875444839858, -18 -96 0,OPC_L,198,vmPOS_R,1
7,6.0,1,0.15060240963855423, -18 -66 -21,Left VI,198,vmPOS_R,1
8,6.0,1,0.15060240963855423, -18 -63 -24,Left VI,198,vmPOS_R,1
9,6.0,1,0.15060240963855423, -21 -72 -21,Left VI,198,vmPOS_R,1
10,6.0,1,0.15060240963855423, -24 -72 -24,Left VI,198,vmPOS_R,1
10,6.0,1,0.10080645161290322, -24 -75 -24,Left Crus I,198,vmPOS_R,1
1,7.0,1,0.8, 6 21 0,NAC_R,226,vmPu_R,1
2,7.0,2,0.847457627118644, -30 -96 15,mOccG_L,226,vmPu_R,1
3,6.0,1,0.423728813559322, -33 -96 6,mOccG_L,226,vmPu_R,1
4,6.0,1,0.423728813559322, -33 -93 15,mOccG_L,226,vmPu_R,1
5,6.0,13,5.508474576271187, -36 -93 3,mOccG_L,226,vmPu_R,1
5,6.0,3,1.0135135135135136, -39 -93 -3,iOccG_L,226,vmPu_R,1
1,6.0,10,6.0606060606060606, 66 -33 12,A22c_R,242,Otha_R,1
1,6.0,1,1.2987012987012987, 63 -33 15,cpSTS_R,242,Otha_R,1
1,6.0,1,0.2604166666666667, 60 -33 18,A40rv_R,242,Otha_R,1
2,6.0,5,3.0303030303030303, 66 -21 0,A22c_R,242,Otha_R,1
2,6.0,5,4.098360655737705, 63 -21 0,A22r_R,242,Otha_R,1
2,6.0,4,1.1695906432748537, 66 -21 -3,aSTS_R,242,Otha_R,1
3,6.0,1,0.4291845493562232, 63 -60 12,A37dl_R,242,Otha_R,1
4,6.0,1,0.4291845493562232, 60 -63 9,A37dl_R,242,Otha_R,1
5,6.0,1,0.31645569620253167, 60 -30 51,A40rd_R,242,Otha_R,1
6,6.0,54,52.94117647058823, 51 -24 9,A41/42_R,242,Otha_R,1
6,6.0,21,9.375, 48 -18 9,TE1.0/TE1.2_R,242,Otha_R,1
6,10.0,71,18.489583333333332, 48 -24 15,A40rv_R,242,Otha_R,1
6,6.0,32,19.27710843373494, 51 -12 12,A1/2/3tonIa_R,242,Otha_R,1
6,9.0,30,38.96103896103896, 36 -21 12,G_R,242,Otha_R,1
6,9.0,11,14.864864864864865, 39 -12 12,dIg_R,242,Otha_R,1
7,6.0,1,0.4291845493562232, 57 -57 0,A37dl_R,242,Otha_R,1
8,6.0,2,2.5974025974025974, 54 -45 9,cpSTS_R,242,Otha_R,1
8,6.0,13,3.2338308457711444, 54 -48 12,A39rv_R,242,Otha_R,1
9,7.0,1,0.5714285714285714, 33 -24 60,A4ul_R,242,Otha_R,1
9,8.0,33,35.483870967741936, 39 -42 60,A5l_R,242,Otha_R,1
9,8.0,34,27.868852459016395, 30 -42 63,A7pc_R,242,Otha_R,1
9,6.0,51,16.139240506329113, 48 -33 51,A40rd_R,242,Otha_R,1
9,6.0,6,2.247191011235955, 36 -30 63,A1/2/3ulhf_R,242,Otha_R,1
9,10.0,71,33.333333333333336, 42 -33 54,A2_R,242,Otha_R,1
9,9.0,43,23.497267759562842, 27 -36 60,A1/2/3tru_R,242,Otha_R,1
10,6.0,1,1.0, 51 -33 3,rpSTS_R,242,Otha_R,1
11,7.0,1,0.5714285714285714, 30 -24 57,A4ul_R,242,Otha_R,1
12,8.0,10,9.900990099009901, -6 -33 51,A1/2/3ll_L,242,Otha_R,1
12,9.0,7,5.147058823529412, 6 -33 51,A1/2/3ll_R,242,Otha_R,1
12,8.0,35,21.875, 0 -27 51,A4ll_L,242,Otha_R,1
12,6.0,15,9.67741935483871, 6 -27 54,A4ll_R,242,Otha_R,1
12,6.0,5,2.8735632183908044, -3 -27 45,A23c_L,242,Otha_R,1
13,7.0,1,0.44642857142857145, 0 42 39,A9m_L,242,Otha_R,1
13,7.0,1,0.4149377593360996, 0 39 39,A9m_R,242,Otha_R,1
14,7.0,1,0.9900990099009901, -6 -36 54,A1/2/3ll_L,242,Otha_R,1
15,6.0,1,0.9900990099009901, -9 -39 54,A1/2/3ll_L,242,Otha_R,1
16,7.0,1,1.2195121951219512, -9 -27 72,A4t_L,242,Otha_R,1
17,6.0,44,22.22222222222222, -24 -27 57,A4ul_L,242,Otha_R,1
17,7.0,5,3.125, -24 -39 57,A7pc_L,242,Otha_R,1
17,6.0,11,3.583061889250814, -48 -39 48,A40rd_L,242,Otha_R,1
17,7.0,15,5.415162454873646, -39 -30 51,A1/2/3ulhf_L,242,Otha_R,1
17,9.0,55,25.943396226415093, -42 -36 51,A2_L,242,Otha_R,1
17,8.0,59,29.7979797979798, -21 -33 60,A1/2/3tru_L,242,Otha_R,1
18,6.0,37,27.00729927007299, -45 -33 9,A41/42_L,242,Otha_R,1
18,9.0,25,10.460251046025105, -39 -27 12,TE1.0/TE1.2_L,242,Otha_R,1
18,6.0,18,5.438066465256798, -45 -30 15,A40rv_L,242,Otha_R,1
18,8.0,8,4.444444444444445, -42 -18 12,A1/2/3tonIa_L,242,Otha_R,1
18,8.0,44,43.13725490196079, -36 -24 9,G_L,242,Otha_R,1
18,6.0,3,3.4482758620689653, -36 -15 15,dIg_L,242,Otha_R,1
19,6.0,1,0.7299270072992701, -33 -36 15,A41/42_L,242,Otha_R,1
20,6.0,1,0.7299270072992701, -60 -39 18,A41/42_L,242,Otha_R,1
20,10.0,21,11.052631578947368, -60 -48 18,A22c_L,242,Otha_R,1
20,6.0,50,25.12562814070352, -54 -63 6,A37dl_L,242,Otha_R,1
20,7.0,5,3.816793893129771, -51 -60 0,A37vl_L,242,Otha_R,1
20,8.0,24,22.22222222222222, -51 -54 15,cpSTS_L,242,Otha_R,1
20,10.0,23,7.255520504731861, -60 -54 21,A40c_L,242,Otha_R,1
20,10.0,118,25.991189427312776, -51 -60 18,A39rv_L,242,Otha_R,1
20,8.0,8,3.5714285714285716, -45 -66 9,V5/MT+_L,242,Otha_R,1
21,7.0,1,0.41841004184100417, -45 -15 0,TE1.0/TE1.2_L,242,Otha_R,1
21,6.0,4,3.9215686274509802, -39 -15 0,G_L,242,Otha_R,1
22,8.0,1,0.5263157894736842, -51 -30 3,A22c_L,242,Otha_R,1
22,6.0,6,7.228915662650603, -51 -36 3,rpSTS_L,242,Otha_R,1
23,6.0,4,2.9197080291970803, -54 -24 6,A41/42_L,242,Otha_R,1
24,6.0,1,1.2048192771084338, -57 -30 6,rpSTS_L,242,Otha_R,1
25,6.0,4,1.2084592145015105, -57 -24 18,A40rv_L,242,Otha_R,1
26,6.0,1,0.41841004184100417, -57 -9 0,TE1.0/TE1.2_L,242,Otha_R,1
27,6.0,1,0.5263157894736842, -60 -27 6,A22c_L,242,Otha_R,1
28,6.0,1,0.5263157894736842, -69 -48 12,A22c_L,242,Otha_R,1
1,8.0,3,0.9646302250803859, 21 -63 6,vmPOS_R,254,Left Crus I,1
2,6.0,1,0.3215434083601286, 18 -66 12,vmPOS_R,254,Left Crus I,1
3,6.0,2,1.5384615384615385, 12 -27 63,A4t_R,254,Left Crus I,1
4,6.0,1,0.3861003861003861, -3 -63 12,dmPOS_L,254,Left Crus I,1
4,8.0,13,5.241935483870968, 0 -72 6,rCunG_L,254,Left Crus I,1
4,8.0,22,9.865470852017937, 3 -69 9,rCunG_R,254,Left Crus I,1
4,8.0,3,1.0, -3 -66 9,vmPOS_L,254,Left Crus I,1
4,8.0,4,1.2861736334405145, 6 -66 12,vmPOS_R,254,Left Crus I,1
5,6.0,3,1.675977653631285, -15 -60 -3,rLinG_L,254,Left Crus I,1
5,6.0,1,0.3333333333333333, -15 -57 0,vmPOS_L,254,Left Crus I,1
1,6.0,1,0.4484304932735426, 6 -72 18,rCunG_R,256,Right Crus I,1
2,8.0,3,1.2096774193548387, 0 -69 9,rCunG_L,256,Right Crus I,1
2,8.0,12,5.381165919282512, 3 -69 9,rCunG_R,256,Right Crus I,1
2,8.0,3,1.0, -3 -66 9,vmPOS_L,256,Right Crus I,1
2,6.0,1,0.3215434083601286, 3 -63 12,vmPOS_R,256,Right Crus I,1
